[0.013s][warning][cds] The shared archive file was created by a different version or build of HotSpot
Forge Auto Renaming Tool v2.0.4
lib: D:\MCreatorWorkspaces\morefoodthanever\build\moddev\artifacts\forge-1.20.1-47.4.10.jar
lib: C:\Users\User\.mcreator\gradle\caches\modules-2\files-2.1\io.github.llamalad7\mixinextras-neoforge\0.5.0\d734b83ce6542bb70ea31755c1595b88992dbe65\mixinextras-neoforge-0.5.0.jar
lib: C:\Users\User\.mcreator\gradle\caches\modules-2\files-2.1\cpw.mods\securejarhandler\2.1.10\51e6a22c6c716beb11e244bf5b8be480f51dd6b5\securejarhandler-2.1.10.jar
lib: C:\Users\User\.mcreator\gradle\caches\modules-2\files-2.1\net.minecraftforge\fmlloader\1.20.1-47.4.10\55c46d27e7cfc8b829af8a28e562a7d290fa38b6\fmlloader-1.20.1-47.4.10.jar
lib: C:\Users\User\.mcreator\gradle\caches\modules-2\files-2.1\net.minecraftforge\coremods\5.2.4\e30bab269d896613e38396274711410b3a0e4b87\coremods-5.2.4.jar
lib: C:\Users\User\.mcreator\gradle\caches\modules-2\files-2.1\cpw.mods\modlauncher\10.0.9\6d9443f56f50bb85cea383686ff9c867391458b\modlauncher-10.0.9.jar
lib: C:\Users\User\.mcreator\gradle\caches\modules-2\files-2.1\org.openjdk.nashorn\nashorn-core\15.4\f67f5ffaa5f5130cf6fb9b133da00c7df3b532a5\nashorn-core-15.4.jar
lib: C:\Users\User\.mcreator\gradle\caches\modules-2\files-2.1\org.ow2.asm\asm-commons\9.8\36e4d212970388e5bd2c5180292012502df461bb\asm-commons-9.8.jar
lib: C:\Users\User\.mcreator\gradle\caches\modules-2\files-2.1\org.ow2.asm\asm-util\9.8\395f1c1f035258511f27bc9b2583d76e4b143f59\asm-util-9.8.jar
lib: C:\Users\User\.mcreator\gradle\caches\modules-2\files-2.1\org.ow2.asm\asm-analysis\9.8\b9747a320844b6cb1eacd90d8ecfd260a16c01d3\asm-analysis-9.8.jar
lib: C:\Users\User\.mcreator\gradle\caches\modules-2\files-2.1\org.ow2.asm\asm-tree\9.8\18419ca5b77a2f81097c741e7872e6ab8d2f40d\asm-tree-9.8.jar
lib: C:\Users\User\.mcreator\gradle\caches\modules-2\files-2.1\org.ow2.asm\asm\9.8\dc19ecb3f7889b7860697215cae99c0f9b6f6b4b\asm-9.8.jar
lib: C:\Users\User\.mcreator\gradle\caches\modules-2\files-2.1\net.minecraftforge\accesstransformers\8.0.4\272d240aa73f42195b2a68e2ebd8b701ecf41f63\accesstransformers-8.0.4.jar
lib: C:\Users\User\.mcreator\gradle\caches\modules-2\files-2.1\org.antlr\antlr4\4.9.1\e92af8ab33e428461927b484e90bb155a4f3a052\antlr4-4.9.1.jar
lib: C:\Users\User\.mcreator\gradle\caches\modules-2\files-2.1\org.antlr\antlr4-runtime\4.9.1\428664f05d2b7f7b7610204b5aa7c1763f62011a\antlr4-runtime-4.9.1.jar
lib: C:\Users\User\.mcreator\gradle\caches\modules-2\files-2.1\net.minecraftforge\fmlcore\1.20.1-47.4.10\94dae566be650566ea9115a1414ab76bfcf5a804\fmlcore-1.20.1-47.4.10.jar
lib: C:\Users\User\.mcreator\gradle\caches\modules-2\files-2.1\net.minecraftforge\eventbus\6.0.5\699143dd438431d06b57416944f7cedbe52e1475\eventbus-6.0.5.jar
lib: C:\Users\User\.mcreator\gradle\caches\modules-2\files-2.1\net.minecraftforge\forgespi\7.0.1\3b4972a0cdb135853dba219be61a79b22cff1309\forgespi-7.0.1.jar
lib: C:\Users\User\.mcreator\gradle\caches\modules-2\files-2.1\net.minecraftforge\unsafe\0.2.0\54d7a0a5e8fdb71b973025caa46f341ae5904f39\unsafe-0.2.0.jar
lib: C:\Users\User\.mcreator\gradle\caches\modules-2\files-2.1\net.minecraftforge\mergetool\1.1.7\fe2225c1a7834ee20d5a1e2630bcca798367d962\mergetool-1.1.7.jar
lib: C:\Users\User\.mcreator\gradle\caches\modules-2\files-2.1\net.minecraftforge\mergetool\1.1.7\aa7c6d9d187d585a8a215c288d65b0038be80b2a\mergetool-1.1.7-api.jar
lib: C:\Users\User\.mcreator\gradle\caches\modules-2\files-2.1\com.electronwill.night-config\toml\3.6.4\51d6cefb2b55ee55ee26b16391212fb2c7dfb4f4\toml-3.6.4.jar
lib: C:\Users\User\.mcreator\gradle\caches\modules-2\files-2.1\com.electronwill.night-config\core\3.6.4\510f174abbf1c947494db50ef2445683bd52c230\core-3.6.4.jar
lib: C:\Users\User\.mcreator\gradle\caches\modules-2\files-2.1\net.minecraftforge\JarJarSelector\0.3.19\376cc9c8ea60720cf027c01fc033de915699801c\JarJarSelector-0.3.19.jar
lib: C:\Users\User\.mcreator\gradle\caches\modules-2\files-2.1\net.minecraftforge\JarJarMetadata\0.3.19\83feaa9b770e6ac0e96ee4fc23fa89325c5fe2\JarJarMetadata-0.3.19.jar
lib: C:\Users\User\.mcreator\gradle\caches\modules-2\files-2.1\org.apache.maven\maven-artifact\3.8.5\4433f50c07debefaed0553bd0068f4f48d449313\maven-artifact-3.8.5.jar
lib: C:\Users\User\.mcreator\gradle\caches\modules-2\files-2.1\net.jodah\typetools\0.6.3\a01aaa6ddaea9ec07ec4f209487b7a46a526283a\typetools-0.6.3.jar
lib: C:\Users\User\.mcreator\gradle\caches\modules-2\files-2.1\net.minecrell\terminalconsoleappender\1.2.0\96d02cd3b384ff015a8fef4223bcb4ccf1717c95\terminalconsoleappender-1.2.0.jar
lib: C:\Users\User\.mcreator\gradle\caches\modules-2\files-2.1\org.jline\jline-reader\3.12.1\4382ab1382c7b6f379377ed5f665dc2f6e1218bc\jline-reader-3.12.1.jar
lib: C:\Users\User\.mcreator\gradle\caches\modules-2\files-2.1\org.jline\jline-terminal\3.12.1\c777448314e050d980a6b697c140f3bfe9eb7416\jline-terminal-3.12.1.jar
lib: C:\Users\User\.mcreator\gradle\caches\modules-2\files-2.1\org.spongepowered\mixin\0.8.5\9d1c0c3a304ae6697ecd477218fa61b850bf57fc\mixin-0.8.5.jar
lib: C:\Users\User\.mcreator\gradle\caches\modules-2\files-2.1\cpw.mods\bootstraplauncher\1.1.2\c546e00443d8432cda6baa1c860346980742628\bootstraplauncher-1.1.2.jar
lib: C:\Users\User\.mcreator\gradle\caches\modules-2\files-2.1\net.minecraftforge\JarJarFileSystems\0.3.19\2464eb7d6b9ddb9db36a82cf8a95193e5c6fe020\JarJarFileSystems-0.3.19.jar
lib: C:\Users\User\.mcreator\gradle\caches\modules-2\files-2.1\net.minecraftforge\fmlearlydisplay\1.20.1-47.4.10\a262fa19e65f643aae210b4275b53bee053aa765\fmlearlydisplay-1.20.1-47.4.10.jar
lib: C:\Users\User\.mcreator\gradle\caches\modules-2\files-2.1\net.minecraftforge\javafmllanguage\1.20.1-47.4.10\ccc533c7dd67e0983217197d7549c8b49e7ab453\javafmllanguage-1.20.1-47.4.10.jar
lib: C:\Users\User\.mcreator\gradle\caches\modules-2\files-2.1\net.minecraftforge\lowcodelanguage\1.20.1-47.4.10\e9a2879fe3612ea34b9728ec2633304a1e67d480\lowcodelanguage-1.20.1-47.4.10.jar
lib: C:\Users\User\.mcreator\gradle\caches\modules-2\files-2.1\net.minecraftforge\mclanguage\1.20.1-47.4.10\ec5cefbbc65c67302b8fac317010faab85fa14b9\mclanguage-1.20.1-47.4.10.jar
lib: C:\Users\User\.mcreator\gradle\caches\modules-2\files-2.1\org.codehaus.plexus\plexus-utils\3.3.0\cf43b5391de623b36fe066a21127baef82c64022\plexus-utils-3.3.0.jar
lib: C:\Users\User\.mcreator\gradle\caches\modules-2\files-2.1\org.apache.commons\commons-lang3\3.12.0\c6842c86792ff03b9f1d1fe2aab8dc23aa6c6f0e\commons-lang3-3.12.0.jar
lib: C:\Users\User\.mcreator\gradle\caches\modules-2\files-2.1\org.apache.logging.log4j\log4j-core\2.8.1\4ac28ff2f1ddf05dae3043a190451e8c46b73c31\log4j-core-2.8.1.jar
lib: C:\Users\User\.mcreator\gradle\caches\modules-2\files-2.1\com.google.code.gson\gson\2.10\dd9b193aef96e973d5a11ab13cd17430c2e4306b\gson-2.10.jar
lib: C:\Users\User\.mcreator\gradle\caches\modules-2\files-2.1\com.google.guava\guava\31.1-jre\60458f877d055d0c9114d9e1a2efb737b4bc282c\guava-31.1-jre.jar
lib: C:\Users\User\.mcreator\gradle\caches\modules-2\files-2.1\com.machinezoo.noexception\noexception\1.7.1\b65330c98e38a1f915fa54a6e5eca496505e3f0a\noexception-1.7.1.jar
lib: C:\Users\User\.mcreator\gradle\caches\modules-2\files-2.1\org.slf4j\slf4j-api\1.8.0-beta4\83b0359d847ee053d745be7ec0d8e9e8a44304b4\slf4j-api-1.8.0-beta4.jar
lib: C:\Users\User\.mcreator\gradle\caches\modules-2\files-2.1\org.apache.logging.log4j\log4j-api\2.19.0\ea1b37f38c327596b216542bc636cfdc0b8036fa\log4j-api-2.19.0.jar
lib: C:\Users\User\.mcreator\gradle\caches\modules-2\files-2.1\com.mojang\logging\1.1.1\832b8e6674a9b325a5175a3a6267dfaf34c85139\logging-1.1.1.jar
lib: C:\Users\User\.mcreator\gradle\caches\modules-2\files-2.1\com.google.code.findbugs\jsr305\3.0.2\25ea2e8b0c338a877313bd4672d3fe056ea78f0d\jsr305-3.0.2.jar
lib: C:\Users\User\.mcreator\gradle\caches\modules-2\files-2.1\ca.weblite\java-objc-bridge\1.1\1227f9e0666314f9de41477e3ec277e542ed7f7b\java-objc-bridge-1.1.jar
lib: C:\Users\User\.mcreator\gradle\caches\modules-2\files-2.1\org.jetbrains\annotations\24.0.1\13c5c75c4206580aa4d683bffee658caae6c9f43\annotations-24.0.1.jar
lib: C:\Users\User\.mcreator\gradle\caches\modules-2\files-2.1\com.github.oshi\oshi-core\6.2.2\54f5efc19bca95d709d9a37d19ffcbba3d21c1a6\oshi-core-6.2.2.jar
lib: C:\Users\User\.mcreator\gradle\caches\modules-2\files-2.1\com.google.guava\failureaccess\1.0.1\1dcf1de382a0bf95a3d8b0849546c88bac1292c9\failureaccess-1.0.1.jar
lib: C:\Users\User\.mcreator\gradle\caches\modules-2\files-2.1\com.ibm.icu\icu4j\61.1\28d33b5e44e72edcc66a5da7a34a42147f38d987\icu4j-61.1.jar
lib: C:\Users\User\.mcreator\gradle\caches\modules-2\files-2.1\com.mojang\authlib\4.0.43\2ff9d747a77570a07a60d32ac77eb6162ad2a2d9\authlib-4.0.43.jar
lib: C:\Users\User\.mcreator\gradle\caches\modules-2\files-2.1\com.mojang\blocklist\1.0.10\5c685c5ffa94c4cd39496c7184c1d122e515ecef\blocklist-1.0.10.jar
lib: C:\Users\User\.mcreator\gradle\caches\modules-2\files-2.1\com.mojang\brigadier\1.1.8\5244ce82c3337bba4a196a3ce858bfaecc74404a\brigadier-1.1.8.jar
lib: C:\Users\User\.mcreator\gradle\caches\modules-2\files-2.1\com.mojang\datafixerupper\6.0.8\3ba4a30557a9b057760af4011f909ba619fc5125\datafixerupper-6.0.8.jar
lib: C:\Users\User\.mcreator\gradle\caches\modules-2\files-2.1\com.mojang\patchy\2.2.10\da05971b07cbb379d002cf7eaec6a2048211fefc\patchy-2.2.10.jar
lib: C:\Users\User\.mcreator\gradle\caches\modules-2\files-2.1\com.mojang\text2speech\1.17.9\3cad216e3a7f0c19b4b394388bc9ffc446f13b14\text2speech-1.17.9.jar
lib: C:\Users\User\.mcreator\gradle\caches\modules-2\files-2.1\commons-codec\commons-codec\1.15\49d94806b6e3dc933dacbd8acb0fdbab8ebd1e5d\commons-codec-1.15.jar
lib: C:\Users\User\.mcreator\gradle\caches\modules-2\files-2.1\commons-io\commons-io\2.11.0\a2503f302b11ebde7ebc3df41daebe0e4eea3689\commons-io-2.11.0.jar
lib: C:\Users\User\.mcreator\gradle\caches\modules-2\files-2.1\commons-logging\commons-logging\1.2\4bfc12adfe4842bf07b657f0369c4cb522955686\commons-logging-1.2.jar
lib: C:\Users\User\.mcreator\gradle\caches\modules-2\files-2.1\io.netty\netty-buffer\4.1.82.Final\a544270cf1ae8b8077082f5036436a9a9971ea71\netty-buffer-4.1.82.Final.jar
lib: C:\Users\User\.mcreator\gradle\caches\modules-2\files-2.1\io.netty\netty-codec\4.1.82.Final\b77200379acb345a9ffdece1c605e591ac3e4e0a\netty-codec-4.1.82.Final.jar
lib: C:\Users\User\.mcreator\gradle\caches\modules-2\files-2.1\io.netty\netty-common\4.1.82.Final\22d148e85c3f5ebdacc0ce1f5aabb1d420f73f3\netty-common-4.1.82.Final.jar
lib: C:\Users\User\.mcreator\gradle\caches\modules-2\files-2.1\io.netty\netty-handler\4.1.82.Final\644041d1fa96a5d3130a29e8978630d716d76e38\netty-handler-4.1.82.Final.jar
lib: C:\Users\User\.mcreator\gradle\caches\modules-2\files-2.1\io.netty\netty-resolver\4.1.82.Final\38f665ae8dcd29032eea31245ba7806bed2e0fa8\netty-resolver-4.1.82.Final.jar
lib: C:\Users\User\.mcreator\gradle\caches\modules-2\files-2.1\io.netty\netty-transport-classes-epoll\4.1.82.Final\e7c7dd18deac93105797f30057c912651ea76521\netty-transport-classes-epoll-4.1.82.Final.jar
lib: C:\Users\User\.mcreator\gradle\caches\modules-2\files-2.1\io.netty\netty-transport-native-unix-common\4.1.82.Final\3e895b35ca1b8a0eca56cacff4c2dde5d2c6abce\netty-transport-native-unix-common-4.1.82.Final.jar
lib: C:\Users\User\.mcreator\gradle\caches\modules-2\files-2.1\io.netty\netty-transport\4.1.82.Final\e431a218d91acb6476ccad5f5aafde50aa3945ca\netty-transport-4.1.82.Final.jar
lib: C:\Users\User\.mcreator\gradle\caches\modules-2\files-2.1\it.unimi.dsi\fastutil\8.5.9\bb7ea75ecdb216654237830b3a96d87ad91f8cc5\fastutil-8.5.9.jar
lib: C:\Users\User\.mcreator\gradle\caches\modules-2\files-2.1\net.java.dev.jna\jna-platform\5.12.1\97406a297c852f4a41e688a176ec675f72e8329\jna-platform-5.12.1.jar
lib: C:\Users\User\.mcreator\gradle\caches\modules-2\files-2.1\net.java.dev.jna\jna\5.10.0\7cf4c87dd802db50721db66947aa237d7ad09418\jna-5.10.0.jar
lib: C:\Users\User\.mcreator\gradle\caches\modules-2\files-2.1\net.sf.jopt-simple\jopt-simple\5.0.4\4fdac2fbe92dfad86aa6e9301736f6b4342a3f5c\jopt-simple-5.0.4.jar
lib: C:\Users\User\.mcreator\gradle\caches\modules-2\files-2.1\org.apache.commons\commons-compress\1.21\4ec95b60d4e86b5c95a0e919cb172a0af98011ef\commons-compress-1.21.jar
lib: C:\Users\User\.mcreator\gradle\caches\modules-2\files-2.1\org.apache.httpcomponents\httpclient\4.5.13\e5f6cae5ca7ecaac1ec2827a9e2d65ae2869cada\httpclient-4.5.13.jar
lib: C:\Users\User\.mcreator\gradle\caches\modules-2\files-2.1\org.apache.httpcomponents\httpcore\4.4.15\7f2e0c573eaa7a74bac2e89b359e1f73d92a0a1d\httpcore-4.4.15.jar
lib: C:\Users\User\.mcreator\gradle\caches\modules-2\files-2.1\org.apache.logging.log4j\log4j-slf4j2-impl\2.19.0\5c04bfdd63ce9dceb2e284b81e96b6a70010ee10\log4j-slf4j2-impl-2.19.0.jar
lib: C:\Users\User\.mcreator\gradle\caches\modules-2\files-2.1\org.joml\joml\1.10.5\22566d58af70ad3d72308bab63b8339906deb649\joml-1.10.5.jar
lib: C:\Users\User\.mcreator\gradle\caches\modules-2\files-2.1\org.lwjgl\lwjgl-glfw\3.3.1\cbac1b8d30cb4795149c1ef540f912671a8616d0\lwjgl-glfw-3.3.1.jar
lib: C:\Users\User\.mcreator\gradle\caches\modules-2\files-2.1\org.lwjgl\lwjgl-jemalloc\3.3.1\a817bcf213db49f710603677457567c37d53e103\lwjgl-jemalloc-3.3.1.jar
lib: C:\Users\User\.mcreator\gradle\caches\modules-2\files-2.1\org.lwjgl\lwjgl-openal\3.3.1\2623a6b8ae1dfcd880738656a9f0243d2e6840bd\lwjgl-openal-3.3.1.jar
lib: C:\Users\User\.mcreator\gradle\caches\modules-2\files-2.1\org.lwjgl\lwjgl-opengl\3.3.1\831a5533a21a5f4f81bbc51bb13e9899319b5411\lwjgl-opengl-3.3.1.jar
lib: C:\Users\User\.mcreator\gradle\caches\modules-2\files-2.1\org.lwjgl\lwjgl-stb\3.3.1\b119297cf8ed01f247abe8685857f8e7fcf5980f\lwjgl-stb-3.3.1.jar
lib: C:\Users\User\.mcreator\gradle\caches\modules-2\files-2.1\org.lwjgl\lwjgl-tinyfd\3.3.1\ff1914111ef2e3e0110ef2dabc8d8cdaad82347\lwjgl-tinyfd-3.3.1.jar
lib: C:\Users\User\.mcreator\gradle\caches\modules-2\files-2.1\org.lwjgl\lwjgl\3.3.1\ae58664f88e18a9bb2c77b063833ca7aaec484cb\lwjgl-3.3.1.jar
lib: C:\Users\User\.mcreator\gradle\caches\modules-2\files-2.1\org.antlr\ST4\4.3\92f2c1ad8d84abcbeead6cf7f2c53a04166293c2\ST4-4.3.jar
lib: C:\Users\User\.mcreator\gradle\caches\modules-2\files-2.1\org.antlr\antlr-runtime\3.5.2\cd9cd41361c155f3af0f653009dcecb08d8b4afd\antlr-runtime-3.5.2.jar
lib: C:\Users\User\.mcreator\gradle\caches\modules-2\files-2.1\org.abego.treelayout\org.abego.treelayout.core\1.0.3\457216e8e6578099ae63667bb1e4439235892028\org.abego.treelayout.core-1.0.3.jar
lib: C:\Users\User\.mcreator\gradle\caches\modules-2\files-2.1\org.glassfish\javax.json\1.0.4\3178f73569fd7a1e5ffc464e680f7a8cc784b85a\javax.json-1.0.4.jar
lib: C:\Users\User\.mcreator\gradle\caches\modules-2\files-2.1\com.google.guava\listenablefuture\9999.0-empty-to-avoid-conflict-with-guava\b421526c5f297295adef1c886e5246c39d4ac629\listenablefuture-9999.0-empty-to-avoid-conflict-with-guava.jar
lib: C:\Users\User\.mcreator\gradle\caches\modules-2\files-2.1\org.checkerframework\checker-qual\3.12.0\d5692f0526415fcc6de94bb5bfbd3afd9dd3b3e5\checker-qual-3.12.0.jar
lib: C:\Users\User\.mcreator\gradle\caches\modules-2\files-2.1\com.google.errorprone\error_prone_annotations\2.11.0\c5a0ace696d3f8b1c1d8cc036d8c03cc0cbe6b69\error_prone_annotations-2.11.0.jar
lib: C:\Users\User\.mcreator\gradle\caches\modules-2\files-2.1\com.google.j2objc\j2objc-annotations\1.3\ba035118bc8bac37d7eff77700720999acd9986d\j2objc-annotations-1.3.jar
log: null
input: D:\MCreatorWorkspaces\morefoodthanever\build\devlibs\modid-1.0.jar
output: D:\MCreatorWorkspaces\morefoodthanever\build\libs\modid-1.0.jar
threads: 12
Names: D:\MCreatorWorkspaces\morefoodthanever\build\moddev\artifacts\namedToIntermediate.tsrg(reversed: false)
Fix Annotations: false
Unfinal Parameters: false
Fix Records: false
Fix Identifiers: false
Fix SourceFile: false
Fix Line Numbers: false
Strip codesigning signatures: ALL
Adding Libraries to Inheritance
Reading Input: D:\MCreatorWorkspaces\morefoodthanever\build\devlibs\modid-1.0.jar
Adding input to inheritance map
Processing entries
Conflicting propagated mapping for com/vladplay/mfte/block/DeepslatePlasticOreBlock/getLightBlock(Lnet/minecraft/world/level/block/state/BlockState;Lnet/minecraft/world/level/BlockGetter;Lnet/minecraft/core/BlockPos;)I from net/minecraft/world/level/block/state/BlockBehaviour/getLightBlock(Lnet/minecraft/world/level/block/state/BlockState;Lnet/minecraft/world/level/BlockGetter;Lnet/minecraft/core/BlockPos;)I: getLightBlock -> m_7753_
Conflicting propagated mapping for com/vladplay/mfte/block/CantaloupeBlock/getVisualShape(Lnet/minecraft/world/level/block/state/BlockState;Lnet/minecraft/world/level/BlockGetter;Lnet/minecraft/core/BlockPos;Lnet/minecraft/world/phys/shapes/CollisionContext;)Lnet/minecraft/world/phys/shapes/VoxelShape; from net/minecraft/world/level/block/state/BlockBehaviour/getVisualShape(Lnet/minecraft/world/level/block/state/BlockState;Lnet/minecraft/world/level/BlockGetter;Lnet/minecraft/core/BlockPos;Lnet/minecraft/world/phys/shapes/CollisionContext;)Lnet/minecraft/world/phys/shapes/VoxelShape;: getVisualShape -> m_5909_
Conflicting propagated mapping for com/vladplay/mfte/block/HoneydewBlock/getLightBlock(Lnet/minecraft/world/level/block/state/BlockState;Lnet/minecraft/world/level/BlockGetter;Lnet/minecraft/core/BlockPos;)I from net/minecraft/world/level/block/state/BlockBehaviour/getLightBlock(Lnet/minecraft/world/level/block/state/BlockState;Lnet/minecraft/world/level/BlockGetter;Lnet/minecraft/core/BlockPos;)I: getLightBlock -> m_7753_
Conflicting propagated mapping for com/vladplay/mfte/block/CantaloupeBlock/getLightBlock(Lnet/minecraft/world/level/block/state/BlockState;Lnet/minecraft/world/level/BlockGetter;Lnet/minecraft/core/BlockPos;)I from net/minecraft/world/level/block/state/BlockBehaviour/getLightBlock(Lnet/minecraft/world/level/block/state/BlockState;Lnet/minecraft/world/level/BlockGetter;Lnet/minecraft/core/BlockPos;)I: getLightBlock -> m_7753_
Conflicting propagated mapping for com/vladplay/mfte/block/HoneydewPlantBlock/getEffectDuration()I from net/minecraft/world/level/block/FlowerBlock/getEffectDuration()I: getEffectDuration -> m_53522_
Conflicting propagated mapping for com/vladplay/mfte/block/MintSaplingBlock/getEffectDuration()I from net/minecraft/world/level/block/FlowerBlock/getEffectDuration()I: getEffectDuration -> m_53522_
Conflicting propagated mapping for com/vladplay/mfte/block/CantaloupePlantBlock/getEffectDuration()I from net/minecraft/world/level/block/FlowerBlock/getEffectDuration()I: getEffectDuration -> m_53522_
Conflicting propagated mapping for com/vladplay/mfte/block/LavenderSaplingBlock/getEffectDuration()I from net/minecraft/world/level/block/FlowerBlock/getEffectDuration()I: getEffectDuration -> m_53522_
Conflicting propagated mapping for com/vladplay/mfte/block/GrapefruitSaplingBlock/getEffectDuration()I from net/minecraft/world/level/block/FlowerBlock/getEffectDuration()I: getEffectDuration -> m_53522_
Conflicting propagated mapping for com/vladplay/mfte/block/LimeSaplingBlock/getEffectDuration()I from net/minecraft/world/level/block/FlowerBlock/getEffectDuration()I: getEffectDuration -> m_53522_
Conflicting propagated mapping for com/vladplay/mfte/block/BenzoinSaplingBlock/getEffectDuration()I from net/minecraft/world/level/block/FlowerBlock/getEffectDuration()I: getEffectDuration -> m_53522_
Conflicting propagated mapping for com/vladplay/mfte/block/LemonSaplingBlock/getEffectDuration()I from net/minecraft/world/level/block/FlowerBlock/getEffectDuration()I: getEffectDuration -> m_53522_
Conflicting propagated mapping for com/vladplay/mfte/block/HoneydewPlantBlock/use(Lnet/minecraft/world/level/block/state/BlockState;Lnet/minecraft/world/level/Level;Lnet/minecraft/core/BlockPos;Lnet/minecraft/world/entity/player/Player;Lnet/minecraft/world/InteractionHand;Lnet/minecraft/world/phys/BlockHitResult;)Lnet/minecraft/world/InteractionResult; from net/minecraft/world/level/block/state/BlockBehaviour/use(Lnet/minecraft/world/level/block/state/BlockState;Lnet/minecraft/world/level/Level;Lnet/minecraft/core/BlockPos;Lnet/minecraft/world/entity/player/Player;Lnet/minecraft/world/InteractionHand;Lnet/minecraft/world/phys/BlockHitResult;)Lnet/minecraft/world/InteractionResult;: use -> m_6227_
Conflicting propagated mapping for com/vladplay/mfte/block/CantaloupePlantBlock/use(Lnet/minecraft/world/level/block/state/BlockState;Lnet/minecraft/world/level/Level;Lnet/minecraft/core/BlockPos;Lnet/minecraft/world/entity/player/Player;Lnet/minecraft/world/InteractionHand;Lnet/minecraft/world/phys/BlockHitResult;)Lnet/minecraft/world/InteractionResult; from net/minecraft/world/level/block/state/BlockBehaviour/use(Lnet/minecraft/world/level/block/state/BlockState;Lnet/minecraft/world/level/Level;Lnet/minecraft/core/BlockPos;Lnet/minecraft/world/entity/player/Player;Lnet/minecraft/world/InteractionHand;Lnet/minecraft/world/phys/BlockHitResult;)Lnet/minecraft/world/InteractionResult;: use -> m_6227_
Conflicting propagated mapping for com/vladplay/mfte/block/OakmossSaplingBlock/getEffectDuration()I from net/minecraft/world/level/block/FlowerBlock/getEffectDuration()I: getEffectDuration -> m_53522_
Conflicting propagated mapping for com/vladplay/mfte/block/OrangeSaplingBlock/getEffectDuration()I from net/minecraft/world/level/block/FlowerBlock/getEffectDuration()I: getEffectDuration -> m_53522_
Conflicting propagated mapping for com/vladplay/mfte/block/PineOilSaplingBlock/getEffectDuration()I from net/minecraft/world/level/block/FlowerBlock/getEffectDuration()I: getEffectDuration -> m_53522_
Conflicting propagated mapping for com/vladplay/mfte/block/SourBerryBushBlock/getVisualShape(Lnet/minecraft/world/level/block/state/BlockState;Lnet/minecraft/world/level/BlockGetter;Lnet/minecraft/core/BlockPos;Lnet/minecraft/world/phys/shapes/CollisionContext;)Lnet/minecraft/world/phys/shapes/VoxelShape; from net/minecraft/world/level/block/state/BlockBehaviour/getVisualShape(Lnet/minecraft/world/level/block/state/BlockState;Lnet/minecraft/world/level/BlockGetter;Lnet/minecraft/core/BlockPos;Lnet/minecraft/world/phys/shapes/CollisionContext;)Lnet/minecraft/world/phys/shapes/VoxelShape;: getVisualShape -> m_5909_
Conflicting propagated mapping for com/vladplay/mfte/block/PlasticOreBlock/getLightBlock(Lnet/minecraft/world/level/block/state/BlockState;Lnet/minecraft/world/level/BlockGetter;Lnet/minecraft/core/BlockPos;)I from net/minecraft/world/level/block/state/BlockBehaviour/getLightBlock(Lnet/minecraft/world/level/block/state/BlockState;Lnet/minecraft/world/level/BlockGetter;Lnet/minecraft/core/BlockPos;)I: getLightBlock -> m_7753_
Conflicting propagated mapping for com/vladplay/mfte/block/TonkaSaplingBlock/getEffectDuration()I from net/minecraft/world/level/block/FlowerBlock/getEffectDuration()I: getEffectDuration -> m_53522_
Conflicting propagated mapping for com/vladplay/mfte/block/SourBerryBushBlock/propagatesSkylightDown(Lnet/minecraft/world/level/block/state/BlockState;Lnet/minecraft/world/level/BlockGetter;Lnet/minecraft/core/BlockPos;)Z from net/minecraft/world/level/block/Block/propagatesSkylightDown(Lnet/minecraft/world/level/block/state/BlockState;Lnet/minecraft/world/level/BlockGetter;Lnet/minecraft/core/BlockPos;)Z: propagatesSkylightDown -> m_7420_
Conflicting propagated mapping for com/vladplay/mfte/block/WaxBlockBlock/getLightBlock(Lnet/minecraft/world/level/block/state/BlockState;Lnet/minecraft/world/level/BlockGetter;Lnet/minecraft/core/BlockPos;)I from net/minecraft/world/level/block/state/BlockBehaviour/getLightBlock(Lnet/minecraft/world/level/block/state/BlockState;Lnet/minecraft/world/level/BlockGetter;Lnet/minecraft/core/BlockPos;)I: getLightBlock -> m_7753_
Conflicting propagated mapping for com/vladplay/mfte/block/YlangYlangSaplingBlock/getEffectDuration()I from net/minecraft/world/level/block/FlowerBlock/getEffectDuration()I: getEffectDuration -> m_53522_
Conflicting propagated mapping for com/vladplay/mfte/block/SourBerryBushBlock/getLightBlock(Lnet/minecraft/world/level/block/state/BlockState;Lnet/minecraft/world/level/BlockGetter;Lnet/minecraft/core/BlockPos;)I from net/minecraft/world/level/block/state/BlockBehaviour/getLightBlock(Lnet/minecraft/world/level/block/state/BlockState;Lnet/minecraft/world/level/BlockGetter;Lnet/minecraft/core/BlockPos;)I: getLightBlock -> m_7753_
Conflicting propagated mapping for com/vladplay/mfte/block/RicePanicleBlock/getEffectDuration()I from net/minecraft/world/level/block/FlowerBlock/getEffectDuration()I: getEffectDuration -> m_53522_
Conflicting propagated mapping for com/vladplay/mfte/client/gui/FridgeGUIScreen/keyPressed(III)Z from net/minecraft/client/gui/screens/inventory/AbstractContainerScreen/keyPressed(III)Z: keyPressed -> m_7933_
Conflicting propagated mapping for com/vladplay/mfte/client/gui/FridgeGUIScreen/render(Lnet/minecraft/client/gui/GuiGraphics;IIF)V from net/minecraft/client/gui/screens/inventory/AbstractContainerScreen/render(Lnet/minecraft/client/gui/GuiGraphics;IIF)V: render -> m_88315_
Conflicting propagated mapping for com/vladplay/mfte/client/gui/FridgeGUIScreen/init()V from net/minecraft/client/gui/screens/inventory/AbstractContainerScreen/init()V: init -> m_7856_
Conflicting propagated mapping for com/vladplay/mfte/client/gui/FridgeGUIScreen/renderLabels(Lnet/minecraft/client/gui/GuiGraphics;II)V from net/minecraft/client/gui/screens/inventory/AbstractContainerScreen/renderLabels(Lnet/minecraft/client/gui/GuiGraphics;II)V: renderLabels -> m_280003_
Conflicting propagated mapping for com/vladplay/mfte/client/gui/FridgeGUIScreen/renderBg(Lnet/minecraft/client/gui/GuiGraphics;FII)V from net/minecraft/client/gui/screens/inventory/AbstractContainerScreen/renderBg(Lnet/minecraft/client/gui/GuiGraphics;FII)V: renderBg -> m_7286_
Conflicting propagated mapping for com/vladplay/mfte/world/inventory/FridgeGUIMenu/moveItemStackTo(Lnet/minecraft/world/item/ItemStack;IIZ)Z from net/minecraft/world/inventory/AbstractContainerMenu/moveItemStackTo(Lnet/minecraft/world/item/ItemStack;IIZ)Z: moveItemStackTo -> m_38903_
Conflicting propagated mapping for com/vladplay/mfte/world/inventory/FridgeGUIMenu/removed(Lnet/minecraft/world/entity/player/Player;)V from net/minecraft/world/inventory/AbstractContainerMenu/removed(Lnet/minecraft/world/entity/player/Player;)V: removed -> m_6877_
Conflicting propagated mapping for com/vladplay/mfte/world/inventory/FridgeGUIMenu/stillValid(Lnet/minecraft/world/entity/player/Player;)Z from net/minecraft/world/inventory/AbstractContainerMenu/stillValid(Lnet/minecraft/world/entity/player/Player;)Z: stillValid -> m_6875_
Conflicting propagated mapping for com/vladplay/mfte/world/inventory/FridgeGUIMenu/quickMoveStack(Lnet/minecraft/world/entity/player/Player;I)Lnet/minecraft/world/item/ItemStack; from net/minecraft/world/inventory/AbstractContainerMenu/quickMoveStack(Lnet/minecraft/world/entity/player/Player;I)Lnet/minecraft/world/item/ItemStack;: quickMoveStack -> m_7648_
Conflicting propagated mapping for net/minecraftforge/event/BuildCreativeModeTabContentsEvent/accept(Lnet/minecraft/world/item/ItemStack;Lnet/minecraft/world/item/CreativeModeTab$TabVisibility;)V from net/minecraft/world/item/CreativeModeTab$Output/accept(Lnet/minecraft/world/item/ItemStack;Lnet/minecraft/world/item/CreativeModeTab$TabVisibility;)V: accept -> m_246267_
Conflicting propagated mapping for net/minecraftforge/common/BasicItemListing/getOffer(Lnet/minecraft/world/entity/Entity;Lnet/minecraft/util/RandomSource;)Lnet/minecraft/world/item/trading/MerchantOffer; from net/minecraft/world/entity/npc/VillagerTrades$ItemListing/getOffer(Lnet/minecraft/world/entity/Entity;Lnet/minecraft/util/RandomSource;)Lnet/minecraft/world/item/trading/MerchantOffer;: getOffer -> m_213663_
Conflicting propagated mapping for com/vladplay/mfte/item/AvocadoHalfItem/finishUsingItem(Lnet/minecraft/world/item/ItemStack;Lnet/minecraft/world/level/Level;Lnet/minecraft/world/entity/LivingEntity;)Lnet/minecraft/world/item/ItemStack; from net/minecraft/world/item/Item/finishUsingItem(Lnet/minecraft/world/item/ItemStack;Lnet/minecraft/world/level/Level;Lnet/minecraft/world/entity/LivingEntity;)Lnet/minecraft/world/item/ItemStack;: finishUsingItem -> m_5922_
Conflicting propagated mapping for com/vladplay/mfte/item/AvocadoItem/finishUsingItem(Lnet/minecraft/world/item/ItemStack;Lnet/minecraft/world/level/Level;Lnet/minecraft/world/entity/LivingEntity;)Lnet/minecraft/world/item/ItemStack; from net/minecraft/world/item/Item/finishUsingItem(Lnet/minecraft/world/item/ItemStack;Lnet/minecraft/world/level/Level;Lnet/minecraft/world/entity/LivingEntity;)Lnet/minecraft/world/item/ItemStack;: finishUsingItem -> m_5922_
Conflicting propagated mapping for net/minecraftforge/network/IContainerFactory/create(ILnet/minecraft/world/entity/player/Inventory;)Lnet/minecraft/world/inventory/AbstractContainerMenu; from net/minecraft/world/inventory/MenuType$MenuSupplier/create(ILnet/minecraft/world/entity/player/Inventory;)Lnet/minecraft/world/inventory/AbstractContainerMenu;: create -> m_39994_
Conflicting propagated mapping for com/vladplay/mfte/item/BakedPoisonousPotatoItem/finishUsingItem(Lnet/minecraft/world/item/ItemStack;Lnet/minecraft/world/level/Level;Lnet/minecraft/world/entity/LivingEntity;)Lnet/minecraft/world/item/ItemStack; from net/minecraft/world/item/Item/finishUsingItem(Lnet/minecraft/world/item/ItemStack;Lnet/minecraft/world/level/Level;Lnet/minecraft/world/entity/LivingEntity;)Lnet/minecraft/world/item/ItemStack;: finishUsingItem -> m_5922_
Conflicting propagated mapping for com/vladplay/mfte/item/BatterBowlItem/getUseAnimation(Lnet/minecraft/world/item/ItemStack;)Lnet/minecraft/world/item/UseAnim; from net/minecraft/world/item/Item/getUseAnimation(Lnet/minecraft/world/item/ItemStack;)Lnet/minecraft/world/item/UseAnim;: getUseAnimation -> m_6164_
Conflicting propagated mapping for com/vladplay/mfte/item/BatterBowlItem/finishUsingItem(Lnet/minecraft/world/item/ItemStack;Lnet/minecraft/world/level/Level;Lnet/minecraft/world/entity/LivingEntity;)Lnet/minecraft/world/item/ItemStack; from net/minecraft/world/item/Item/finishUsingItem(Lnet/minecraft/world/item/ItemStack;Lnet/minecraft/world/level/Level;Lnet/minecraft/world/entity/LivingEntity;)Lnet/minecraft/world/item/ItemStack;: finishUsingItem -> m_5922_
Conflicting propagated mapping for com/vladplay/mfte/item/SaltItem/getUseAnimation(Lnet/minecraft/world/item/ItemStack;)Lnet/minecraft/world/item/UseAnim; from net/minecraft/world/item/Item/getUseAnimation(Lnet/minecraft/world/item/ItemStack;)Lnet/minecraft/world/item/UseAnim;: getUseAnimation -> m_6164_
Conflicting propagated mapping for com/vladplay/mfte/item/SaltItem/getUseDuration(Lnet/minecraft/world/item/ItemStack;)I from net/minecraft/world/item/Item/getUseDuration(Lnet/minecraft/world/item/ItemStack;)I: getUseDuration -> m_8105_
Conflicting propagated mapping for com/vladplay/mfte/item/OilBottleItem/getUseAnimation(Lnet/minecraft/world/item/ItemStack;)Lnet/minecraft/world/item/UseAnim; from net/minecraft/world/item/Item/getUseAnimation(Lnet/minecraft/world/item/ItemStack;)Lnet/minecraft/world/item/UseAnim;: getUseAnimation -> m_6164_
Conflicting propagated mapping for com/vladplay/mfte/item/OilBottleItem/finishUsingItem(Lnet/minecraft/world/item/ItemStack;Lnet/minecraft/world/level/Level;Lnet/minecraft/world/entity/LivingEntity;)Lnet/minecraft/world/item/ItemStack; from net/minecraft/world/item/Item/finishUsingItem(Lnet/minecraft/world/item/ItemStack;Lnet/minecraft/world/level/Level;Lnet/minecraft/world/entity/LivingEntity;)Lnet/minecraft/world/item/ItemStack;: finishUsingItem -> m_5922_
Conflicting propagated mapping for com/vladplay/mfte/item/ButterItem/finishUsingItem(Lnet/minecraft/world/item/ItemStack;Lnet/minecraft/world/level/Level;Lnet/minecraft/world/entity/LivingEntity;)Lnet/minecraft/world/item/ItemStack; from net/minecraft/world/item/Item/finishUsingItem(Lnet/minecraft/world/item/ItemStack;Lnet/minecraft/world/level/Level;Lnet/minecraft/world/entity/LivingEntity;)Lnet/minecraft/world/item/ItemStack;: finishUsingItem -> m_5922_
Conflicting propagated mapping for com/vladplay/mfte/item/CreamBucketItem/getUseAnimation(Lnet/minecraft/world/item/ItemStack;)Lnet/minecraft/world/item/UseAnim; from net/minecraft/world/item/Item/getUseAnimation(Lnet/minecraft/world/item/ItemStack;)Lnet/minecraft/world/item/UseAnim;: getUseAnimation -> m_6164_
Conflicting propagated mapping for com/vladplay/mfte/item/CreamBucketItem/finishUsingItem(Lnet/minecraft/world/item/ItemStack;Lnet/minecraft/world/level/Level;Lnet/minecraft/world/entity/LivingEntity;)Lnet/minecraft/world/item/ItemStack; from net/minecraft/world/item/Item/finishUsingItem(Lnet/minecraft/world/item/ItemStack;Lnet/minecraft/world/level/Level;Lnet/minecraft/world/entity/LivingEntity;)Lnet/minecraft/world/item/ItemStack;: finishUsingItem -> m_5922_
Conflicting propagated mapping for com/vladplay/mfte/item/CacaoButterBottleItem/getUseAnimation(Lnet/minecraft/world/item/ItemStack;)Lnet/minecraft/world/item/UseAnim; from net/minecraft/world/item/Item/getUseAnimation(Lnet/minecraft/world/item/ItemStack;)Lnet/minecraft/world/item/UseAnim;: getUseAnimation -> m_6164_
Conflicting propagated mapping for com/vladplay/mfte/item/CacaoButterBottleItem/finishUsingItem(Lnet/minecraft/world/item/ItemStack;Lnet/minecraft/world/level/Level;Lnet/minecraft/world/entity/LivingEntity;)Lnet/minecraft/world/item/ItemStack; from net/minecraft/world/item/Item/finishUsingItem(Lnet/minecraft/world/item/ItemStack;Lnet/minecraft/world/level/Level;Lnet/minecraft/world/entity/LivingEntity;)Lnet/minecraft/world/item/ItemStack;: finishUsingItem -> m_5922_
Conflicting propagated mapping for com/vladplay/mfte/item/PoisonousPotatoStewItem/finishUsingItem(Lnet/minecraft/world/item/ItemStack;Lnet/minecraft/world/level/Level;Lnet/minecraft/world/entity/LivingEntity;)Lnet/minecraft/world/item/ItemStack; from net/minecraft/world/item/Item/finishUsingItem(Lnet/minecraft/world/item/ItemStack;Lnet/minecraft/world/level/Level;Lnet/minecraft/world/entity/LivingEntity;)Lnet/minecraft/world/item/ItemStack;: finishUsingItem -> m_5922_
Conflicting propagated mapping for com/vladplay/mfte/item/PotatoStewItem/finishUsingItem(Lnet/minecraft/world/item/ItemStack;Lnet/minecraft/world/level/Level;Lnet/minecraft/world/entity/LivingEntity;)Lnet/minecraft/world/item/ItemStack; from net/minecraft/world/item/Item/finishUsingItem(Lnet/minecraft/world/item/ItemStack;Lnet/minecraft/world/level/Level;Lnet/minecraft/world/entity/LivingEntity;)Lnet/minecraft/world/item/ItemStack;: finishUsingItem -> m_5922_
Conflicting propagated mapping for com/vladplay/mfte/item/CandyItem/finishUsingItem(Lnet/minecraft/world/item/ItemStack;Lnet/minecraft/world/level/Level;Lnet/minecraft/world/entity/LivingEntity;)Lnet/minecraft/world/item/ItemStack; from net/minecraft/world/item/Item/finishUsingItem(Lnet/minecraft/world/item/ItemStack;Lnet/minecraft/world/level/Level;Lnet/minecraft/world/entity/LivingEntity;)Lnet/minecraft/world/item/ItemStack;: finishUsingItem -> m_5922_
Conflicting propagated mapping for com/vladplay/mfte/item/CupcakeItem/finishUsingItem(Lnet/minecraft/world/item/ItemStack;Lnet/minecraft/world/level/Level;Lnet/minecraft/world/entity/LivingEntity;)Lnet/minecraft/world/item/ItemStack; from net/minecraft/world/item/Item/finishUsingItem(Lnet/minecraft/world/item/ItemStack;Lnet/minecraft/world/level/Level;Lnet/minecraft/world/entity/LivingEntity;)Lnet/minecraft/world/item/ItemStack;: finishUsingItem -> m_5922_
Conflicting propagated mapping for com/vladplay/mfte/item/GelatinItem/getUseAnimation(Lnet/minecraft/world/item/ItemStack;)Lnet/minecraft/world/item/UseAnim; from net/minecraft/world/item/Item/getUseAnimation(Lnet/minecraft/world/item/ItemStack;)Lnet/minecraft/world/item/UseAnim;: getUseAnimation -> m_6164_
Conflicting propagated mapping for net/minecraft/world/entity/LivingEntity/lambda$addAdditionalSaveData$3(Lnet/minecraft/nbt/CompoundTag;Lnet/minecraft/nbt/Tag;)V from net/minecraft/world/entity/player/Player/lambda$addAdditionalSaveData$3(Lnet/minecraft/nbt/CompoundTag;Lnet/minecraft/nbt/Tag;)V: lambda$addAdditionalSaveData$3 -> m_219754_
Conflicting propagated mapping for com/vladplay/mfte/item/GelatinItem/getUseDuration(Lnet/minecraft/world/item/ItemStack;)I from net/minecraft/world/item/Item/getUseDuration(Lnet/minecraft/world/item/ItemStack;)I: getUseDuration -> m_8105_
Conflicting propagated mapping for com/vladplay/mfte/item/BigMacSauceItem/getUseAnimation(Lnet/minecraft/world/item/ItemStack;)Lnet/minecraft/world/item/UseAnim; from net/minecraft/world/item/Item/getUseAnimation(Lnet/minecraft/world/item/ItemStack;)Lnet/minecraft/world/item/UseAnim;: getUseAnimation -> m_6164_
Conflicting propagated mapping for com/vladplay/mfte/item/BigMacSauceItem/finishUsingItem(Lnet/minecraft/world/item/ItemStack;Lnet/minecraft/world/level/Level;Lnet/minecraft/world/entity/LivingEntity;)Lnet/minecraft/world/item/ItemStack; from net/minecraft/world/item/Item/finishUsingItem(Lnet/minecraft/world/item/ItemStack;Lnet/minecraft/world/level/Level;Lnet/minecraft/world/entity/LivingEntity;)Lnet/minecraft/world/item/ItemStack;: finishUsingItem -> m_5922_
Conflicting propagated mapping for com/vladplay/mfte/item/BlazeCocoaItem/getUseAnimation(Lnet/minecraft/world/item/ItemStack;)Lnet/minecraft/world/item/UseAnim; from net/minecraft/world/item/Item/getUseAnimation(Lnet/minecraft/world/item/ItemStack;)Lnet/minecraft/world/item/UseAnim;: getUseAnimation -> m_6164_
Conflicting propagated mapping for com/vladplay/mfte/item/SweetBerryBottleItem/getUseAnimation(Lnet/minecraft/world/item/ItemStack;)Lnet/minecraft/world/item/UseAnim; from net/minecraft/world/item/Item/getUseAnimation(Lnet/minecraft/world/item/ItemStack;)Lnet/minecraft/world/item/UseAnim;: getUseAnimation -> m_6164_
Conflicting propagated mapping for com/vladplay/mfte/item/BlazeCocoaItem/finishUsingItem(Lnet/minecraft/world/item/ItemStack;Lnet/minecraft/world/level/Level;Lnet/minecraft/world/entity/LivingEntity;)Lnet/minecraft/world/item/ItemStack; from net/minecraft/world/item/Item/finishUsingItem(Lnet/minecraft/world/item/ItemStack;Lnet/minecraft/world/level/Level;Lnet/minecraft/world/entity/LivingEntity;)Lnet/minecraft/world/item/ItemStack;: finishUsingItem -> m_5922_
Conflicting propagated mapping for com/vladplay/mfte/item/SweetBerryBottleItem/finishUsingItem(Lnet/minecraft/world/item/ItemStack;Lnet/minecraft/world/level/Level;Lnet/minecraft/world/entity/LivingEntity;)Lnet/minecraft/world/item/ItemStack; from net/minecraft/world/item/Item/finishUsingItem(Lnet/minecraft/world/item/ItemStack;Lnet/minecraft/world/level/Level;Lnet/minecraft/world/entity/LivingEntity;)Lnet/minecraft/world/item/ItemStack;: finishUsingItem -> m_5922_
Conflicting propagated mapping for com/vladplay/mfte/item/BoggedMossItem/getUseAnimation(Lnet/minecraft/world/item/ItemStack;)Lnet/minecraft/world/item/UseAnim; from net/minecraft/world/item/Item/getUseAnimation(Lnet/minecraft/world/item/ItemStack;)Lnet/minecraft/world/item/UseAnim;: getUseAnimation -> m_6164_
Conflicting propagated mapping for com/vladplay/mfte/item/BoggedMossItem/getUseDuration(Lnet/minecraft/world/item/ItemStack;)I from net/minecraft/world/item/Item/getUseDuration(Lnet/minecraft/world/item/ItemStack;)I: getUseDuration -> m_8105_
Conflicting propagated mapping for com/vladplay/mfte/item/MarshmallowStickItem/finishUsingItem(Lnet/minecraft/world/item/ItemStack;Lnet/minecraft/world/level/Level;Lnet/minecraft/world/entity/LivingEntity;)Lnet/minecraft/world/item/ItemStack; from net/minecraft/world/item/Item/finishUsingItem(Lnet/minecraft/world/item/ItemStack;Lnet/minecraft/world/level/Level;Lnet/minecraft/world/entity/LivingEntity;)Lnet/minecraft/world/item/ItemStack;: finishUsingItem -> m_5922_
Conflicting propagated mapping for com/vladplay/mfte/item/BrainJuiceItem/getUseAnimation(Lnet/minecraft/world/item/ItemStack;)Lnet/minecraft/world/item/UseAnim; from net/minecraft/world/item/Item/getUseAnimation(Lnet/minecraft/world/item/ItemStack;)Lnet/minecraft/world/item/UseAnim;: getUseAnimation -> m_6164_
Conflicting propagated mapping for com/vladplay/mfte/item/BoggedStewItem/getUseAnimation(Lnet/minecraft/world/item/ItemStack;)Lnet/minecraft/world/item/UseAnim; from net/minecraft/world/item/Item/getUseAnimation(Lnet/minecraft/world/item/ItemStack;)Lnet/minecraft/world/item/UseAnim;: getUseAnimation -> m_6164_
Conflicting propagated mapping for com/vladplay/mfte/item/BoomstickPopsicleItem/finishUsingItem(Lnet/minecraft/world/item/ItemStack;Lnet/minecraft/world/level/Level;Lnet/minecraft/world/entity/LivingEntity;)Lnet/minecraft/world/item/ItemStack; from net/minecraft/world/item/Item/finishUsingItem(Lnet/minecraft/world/item/ItemStack;Lnet/minecraft/world/level/Level;Lnet/minecraft/world/entity/LivingEntity;)Lnet/minecraft/world/item/ItemStack;: finishUsingItem -> m_5922_
Conflicting propagated mapping for com/vladplay/mfte/item/BurntMarshmallowStickItem/finishUsingItem(Lnet/minecraft/world/item/ItemStack;Lnet/minecraft/world/level/Level;Lnet/minecraft/world/entity/LivingEntity;)Lnet/minecraft/world/item/ItemStack; from net/minecraft/world/item/Item/finishUsingItem(Lnet/minecraft/world/item/ItemStack;Lnet/minecraft/world/level/Level;Lnet/minecraft/world/entity/LivingEntity;)Lnet/minecraft/world/item/ItemStack;: finishUsingItem -> m_5922_
Conflicting propagated mapping for com/vladplay/mfte/item/CheeseBucketItem/finishUsingItem(Lnet/minecraft/world/item/ItemStack;Lnet/minecraft/world/level/Level;Lnet/minecraft/world/entity/LivingEntity;)Lnet/minecraft/world/item/ItemStack; from net/minecraft/world/item/Item/finishUsingItem(Lnet/minecraft/world/item/ItemStack;Lnet/minecraft/world/level/Level;Lnet/minecraft/world/entity/LivingEntity;)Lnet/minecraft/world/item/ItemStack;: finishUsingItem -> m_5922_
Conflicting propagated mapping for com/vladplay/mfte/item/ChiliPepperItem/finishUsingItem(Lnet/minecraft/world/item/ItemStack;Lnet/minecraft/world/level/Level;Lnet/minecraft/world/entity/LivingEntity;)Lnet/minecraft/world/item/ItemStack; from net/minecraft/world/item/Item/finishUsingItem(Lnet/minecraft/world/item/ItemStack;Lnet/minecraft/world/level/Level;Lnet/minecraft/world/entity/LivingEntity;)Lnet/minecraft/world/item/ItemStack;: finishUsingItem -> m_5922_
Conflicting propagated mapping for com/vladplay/mfte/item/CoconutHalfItem/getUseAnimation(Lnet/minecraft/world/item/ItemStack;)Lnet/minecraft/world/item/UseAnim; from net/minecraft/world/item/Item/getUseAnimation(Lnet/minecraft/world/item/ItemStack;)Lnet/minecraft/world/item/UseAnim;: getUseAnimation -> m_6164_
Conflicting propagated mapping for com/vladplay/mfte/item/ChumBucketItem/finishUsingItem(Lnet/minecraft/world/item/ItemStack;Lnet/minecraft/world/level/Level;Lnet/minecraft/world/entity/LivingEntity;)Lnet/minecraft/world/item/ItemStack; from net/minecraft/world/item/Item/finishUsingItem(Lnet/minecraft/world/item/ItemStack;Lnet/minecraft/world/level/Level;Lnet/minecraft/world/entity/LivingEntity;)Lnet/minecraft/world/item/ItemStack;: finishUsingItem -> m_5922_
Conflicting propagated mapping for com/vladplay/mfte/item/CoconutHalfItem/getUseDuration(Lnet/minecraft/world/item/ItemStack;)I from net/minecraft/world/item/Item/getUseDuration(Lnet/minecraft/world/item/ItemStack;)I: getUseDuration -> m_8105_
Conflicting propagated mapping for com/vladplay/mfte/item/CoconutHalfItem/finishUsingItem(Lnet/minecraft/world/item/ItemStack;Lnet/minecraft/world/level/Level;Lnet/minecraft/world/entity/LivingEntity;)Lnet/minecraft/world/item/ItemStack; from net/minecraft/world/item/Item/finishUsingItem(Lnet/minecraft/world/item/ItemStack;Lnet/minecraft/world/level/Level;Lnet/minecraft/world/entity/LivingEntity;)Lnet/minecraft/world/item/ItemStack;: finishUsingItem -> m_5922_
Conflicting propagated mapping for com/vladplay/mfte/item/RoastedMarshmallowStickItem/finishUsingItem(Lnet/minecraft/world/item/ItemStack;Lnet/minecraft/world/level/Level;Lnet/minecraft/world/entity/LivingEntity;)Lnet/minecraft/world/item/ItemStack; from net/minecraft/world/item/Item/finishUsingItem(Lnet/minecraft/world/item/ItemStack;Lnet/minecraft/world/level/Level;Lnet/minecraft/world/entity/LivingEntity;)Lnet/minecraft/world/item/ItemStack;: finishUsingItem -> m_5922_
Conflicting propagated mapping for com/vladplay/mfte/item/CoffeeBeansItem/getUseAnimation(Lnet/minecraft/world/item/ItemStack;)Lnet/minecraft/world/item/UseAnim; from net/minecraft/world/item/Item/getUseAnimation(Lnet/minecraft/world/item/ItemStack;)Lnet/minecraft/world/item/UseAnim;: getUseAnimation -> m_6164_
Conflicting propagated mapping for com/vladplay/mfte/item/CoffeeBeansItem/getUseDuration(Lnet/minecraft/world/item/ItemStack;)I from net/minecraft/world/item/Item/getUseDuration(Lnet/minecraft/world/item/ItemStack;)I: getUseDuration -> m_8105_
Conflicting propagated mapping for com/vladplay/mfte/item/CoffeeMugItem/getUseAnimation(Lnet/minecraft/world/item/ItemStack;)Lnet/minecraft/world/item/UseAnim; from net/minecraft/world/item/Item/getUseAnimation(Lnet/minecraft/world/item/ItemStack;)Lnet/minecraft/world/item/UseAnim;: getUseAnimation -> m_6164_
Conflicting propagated mapping for com/vladplay/mfte/item/CoffeeMugItem/finishUsingItem(Lnet/minecraft/world/item/ItemStack;Lnet/minecraft/world/level/Level;Lnet/minecraft/world/entity/LivingEntity;)Lnet/minecraft/world/item/ItemStack; from net/minecraft/world/item/Item/finishUsingItem(Lnet/minecraft/world/item/ItemStack;Lnet/minecraft/world/level/Level;Lnet/minecraft/world/entity/LivingEntity;)Lnet/minecraft/world/item/ItemStack;: finishUsingItem -> m_5922_
Conflicting propagated mapping for com/vladplay/mfte/item/DrinkableWaterBucketItem/getUseAnimation(Lnet/minecraft/world/item/ItemStack;)Lnet/minecraft/world/item/UseAnim; from net/minecraft/world/item/Item/getUseAnimation(Lnet/minecraft/world/item/ItemStack;)Lnet/minecraft/world/item/UseAnim;: getUseAnimation -> m_6164_
Conflicting propagated mapping for com/vladplay/mfte/item/DrinkableWaterBucketItem/finishUsingItem(Lnet/minecraft/world/item/ItemStack;Lnet/minecraft/world/level/Level;Lnet/minecraft/world/entity/LivingEntity;)Lnet/minecraft/world/item/ItemStack; from net/minecraft/world/item/Item/finishUsingItem(Lnet/minecraft/world/item/ItemStack;Lnet/minecraft/world/level/Level;Lnet/minecraft/world/entity/LivingEntity;)Lnet/minecraft/world/item/ItemStack;: finishUsingItem -> m_5922_
Conflicting propagated mapping for com/vladplay/mfte/item/EdibleEggItem/finishUsingItem(Lnet/minecraft/world/item/ItemStack;Lnet/minecraft/world/level/Level;Lnet/minecraft/world/entity/LivingEntity;)Lnet/minecraft/world/item/ItemStack; from net/minecraft/world/item/Item/finishUsingItem(Lnet/minecraft/world/item/ItemStack;Lnet/minecraft/world/level/Level;Lnet/minecraft/world/entity/LivingEntity;)Lnet/minecraft/world/item/ItemStack;: finishUsingItem -> m_5922_
Conflicting propagated mapping for com/vladplay/mfte/item/EdiblePowderSnowBucketItem/finishUsingItem(Lnet/minecraft/world/item/ItemStack;Lnet/minecraft/world/level/Level;Lnet/minecraft/world/entity/LivingEntity;)Lnet/minecraft/world/item/ItemStack; from net/minecraft/world/item/Item/finishUsingItem(Lnet/minecraft/world/item/ItemStack;Lnet/minecraft/world/level/Level;Lnet/minecraft/world/entity/LivingEntity;)Lnet/minecraft/world/item/ItemStack;: finishUsingItem -> m_5922_
Conflicting propagated mapping for com/vladplay/mfte/item/EdibleTurtleEggItem/finishUsingItem(Lnet/minecraft/world/item/ItemStack;Lnet/minecraft/world/level/Level;Lnet/minecraft/world/entity/LivingEntity;)Lnet/minecraft/world/item/ItemStack; from net/minecraft/world/item/Item/finishUsingItem(Lnet/minecraft/world/item/ItemStack;Lnet/minecraft/world/level/Level;Lnet/minecraft/world/entity/LivingEntity;)Lnet/minecraft/world/item/ItemStack;: finishUsingItem -> m_5922_
Conflicting propagated mapping for com/vladplay/mfte/item/WelldoneMarshmallowItem/finishUsingItem(Lnet/minecraft/world/item/ItemStack;Lnet/minecraft/world/level/Level;Lnet/minecraft/world/entity/LivingEntity;)Lnet/minecraft/world/item/ItemStack; from net/minecraft/world/item/Item/finishUsingItem(Lnet/minecraft/world/item/ItemStack;Lnet/minecraft/world/level/Level;Lnet/minecraft/world/entity/LivingEntity;)Lnet/minecraft/world/item/ItemStack;: finishUsingItem -> m_5922_
Conflicting propagated mapping for com/vladplay/mfte/item/EnderEyeSkewerItem/finishUsingItem(Lnet/minecraft/world/item/ItemStack;Lnet/minecraft/world/level/Level;Lnet/minecraft/world/entity/LivingEntity;)Lnet/minecraft/world/item/ItemStack; from net/minecraft/world/item/Item/finishUsingItem(Lnet/minecraft/world/item/ItemStack;Lnet/minecraft/world/level/Level;Lnet/minecraft/world/entity/LivingEntity;)Lnet/minecraft/world/item/ItemStack;: finishUsingItem -> m_5922_
Conflicting propagated mapping for com/vladplay/mfte/item/ExpiredMilkItem/getUseAnimation(Lnet/minecraft/world/item/ItemStack;)Lnet/minecraft/world/item/UseAnim; from net/minecraft/world/item/Item/getUseAnimation(Lnet/minecraft/world/item/ItemStack;)Lnet/minecraft/world/item/UseAnim;: getUseAnimation -> m_6164_
Conflicting propagated mapping for com/vladplay/mfte/item/ElderGuardianEyeItem/finishUsingItem(Lnet/minecraft/world/item/ItemStack;Lnet/minecraft/world/level/Level;Lnet/minecraft/world/entity/LivingEntity;)Lnet/minecraft/world/item/ItemStack; from net/minecraft/world/item/Item/finishUsingItem(Lnet/minecraft/world/item/ItemStack;Lnet/minecraft/world/level/Level;Lnet/minecraft/world/entity/LivingEntity;)Lnet/minecraft/world/item/ItemStack;: finishUsingItem -> m_5922_
Conflicting propagated mapping for com/vladplay/mfte/item/ExpiredMilkItem/finishUsingItem(Lnet/minecraft/world/item/ItemStack;Lnet/minecraft/world/level/Level;Lnet/minecraft/world/entity/LivingEntity;)Lnet/minecraft/world/item/ItemStack; from net/minecraft/world/item/Item/finishUsingItem(Lnet/minecraft/world/item/ItemStack;Lnet/minecraft/world/level/Level;Lnet/minecraft/world/entity/LivingEntity;)Lnet/minecraft/world/item/ItemStack;: finishUsingItem -> m_5922_
Conflicting propagated mapping for com/vladplay/mfte/item/FrenchFriesItem/finishUsingItem(Lnet/minecraft/world/item/ItemStack;Lnet/minecraft/world/level/Level;Lnet/minecraft/world/entity/LivingEntity;)Lnet/minecraft/world/item/ItemStack; from net/minecraft/world/item/Item/finishUsingItem(Lnet/minecraft/world/item/ItemStack;Lnet/minecraft/world/level/Level;Lnet/minecraft/world/entity/LivingEntity;)Lnet/minecraft/world/item/ItemStack;: finishUsingItem -> m_5922_
Conflicting propagated mapping for com/vladplay/mfte/item/RawBiscuitItem/finishUsingItem(Lnet/minecraft/world/item/ItemStack;Lnet/minecraft/world/level/Level;Lnet/minecraft/world/entity/LivingEntity;)Lnet/minecraft/world/item/ItemStack; from net/minecraft/world/item/Item/finishUsingItem(Lnet/minecraft/world/item/ItemStack;Lnet/minecraft/world/level/Level;Lnet/minecraft/world/entity/LivingEntity;)Lnet/minecraft/world/item/ItemStack;: finishUsingItem -> m_5922_
Conflicting propagated mapping for com/vladplay/mfte/item/FrozenPattyItem/finishUsingItem(Lnet/minecraft/world/item/ItemStack;Lnet/minecraft/world/level/Level;Lnet/minecraft/world/entity/LivingEntity;)Lnet/minecraft/world/item/ItemStack; from net/minecraft/world/item/Item/finishUsingItem(Lnet/minecraft/world/item/ItemStack;Lnet/minecraft/world/level/Level;Lnet/minecraft/world/entity/LivingEntity;)Lnet/minecraft/world/item/ItemStack;: finishUsingItem -> m_5922_
Conflicting propagated mapping for com/vladplay/mfte/item/GarlicPowderItem/getUseAnimation(Lnet/minecraft/world/item/ItemStack;)Lnet/minecraft/world/item/UseAnim; from net/minecraft/world/item/Item/getUseAnimation(Lnet/minecraft/world/item/ItemStack;)Lnet/minecraft/world/item/UseAnim;: getUseAnimation -> m_6164_
Conflicting propagated mapping for com/vladplay/mfte/item/GarlicPowderItem/getUseDuration(Lnet/minecraft/world/item/ItemStack;)I from net/minecraft/world/item/Item/getUseDuration(Lnet/minecraft/world/item/ItemStack;)I: getUseDuration -> m_8105_
Conflicting propagated mapping for com/vladplay/mfte/item/GrimaceShakeItem/getUseAnimation(Lnet/minecraft/world/item/ItemStack;)Lnet/minecraft/world/item/UseAnim; from net/minecraft/world/item/Item/getUseAnimation(Lnet/minecraft/world/item/ItemStack;)Lnet/minecraft/world/item/UseAnim;: getUseAnimation -> m_6164_
Conflicting propagated mapping for com/vladplay/mfte/item/GrimaceShakeItem/finishUsingItem(Lnet/minecraft/world/item/ItemStack;Lnet/minecraft/world/level/Level;Lnet/minecraft/world/entity/LivingEntity;)Lnet/minecraft/world/item/ItemStack; from net/minecraft/world/item/Item/finishUsingItem(Lnet/minecraft/world/item/ItemStack;Lnet/minecraft/world/level/Level;Lnet/minecraft/world/entity/LivingEntity;)Lnet/minecraft/world/item/ItemStack;: finishUsingItem -> m_5922_
Conflicting propagated mapping for com/vladplay/mfte/item/PineappleItem/finishUsingItem(Lnet/minecraft/world/item/ItemStack;Lnet/minecraft/world/level/Level;Lnet/minecraft/world/entity/LivingEntity;)Lnet/minecraft/world/item/ItemStack; from net/minecraft/world/item/Item/finishUsingItem(Lnet/minecraft/world/item/ItemStack;Lnet/minecraft/world/level/Level;Lnet/minecraft/world/entity/LivingEntity;)Lnet/minecraft/world/item/ItemStack;: finishUsingItem -> m_5922_
Conflicting propagated mapping for com/vladplay/mfte/item/IceCreamBucketItem/finishUsingItem(Lnet/minecraft/world/item/ItemStack;Lnet/minecraft/world/level/Level;Lnet/minecraft/world/entity/LivingEntity;)Lnet/minecraft/world/item/ItemStack; from net/minecraft/world/item/Item/finishUsingItem(Lnet/minecraft/world/item/ItemStack;Lnet/minecraft/world/level/Level;Lnet/minecraft/world/entity/LivingEntity;)Lnet/minecraft/world/item/ItemStack;: finishUsingItem -> m_5922_
Conflicting propagated mapping for com/vladplay/mfte/item/JellyfishItem/finishUsingItem(Lnet/minecraft/world/item/ItemStack;Lnet/minecraft/world/level/Level;Lnet/minecraft/world/entity/LivingEntity;)Lnet/minecraft/world/item/ItemStack; from net/minecraft/world/item/Item/finishUsingItem(Lnet/minecraft/world/item/ItemStack;Lnet/minecraft/world/level/Level;Lnet/minecraft/world/entity/LivingEntity;)Lnet/minecraft/world/item/ItemStack;: finishUsingItem -> m_5922_
Conflicting propagated mapping for com/vladplay/mfte/item/JellyfishJellyItem/finishUsingItem(Lnet/minecraft/world/item/ItemStack;Lnet/minecraft/world/level/Level;Lnet/minecraft/world/entity/LivingEntity;)Lnet/minecraft/world/item/ItemStack; from net/minecraft/world/item/Item/finishUsingItem(Lnet/minecraft/world/item/ItemStack;Lnet/minecraft/world/level/Level;Lnet/minecraft/world/entity/LivingEntity;)Lnet/minecraft/world/item/ItemStack;: finishUsingItem -> m_5922_
Conflicting propagated mapping for com/vladplay/mfte/item/KetchupBottleItem/getUseAnimation(Lnet/minecraft/world/item/ItemStack;)Lnet/minecraft/world/item/UseAnim; from net/minecraft/world/item/Item/getUseAnimation(Lnet/minecraft/world/item/ItemStack;)Lnet/minecraft/world/item/UseAnim;: getUseAnimation -> m_6164_
Conflicting propagated mapping for com/vladplay/mfte/item/KetchupBottleItem/finishUsingItem(Lnet/minecraft/world/item/ItemStack;Lnet/minecraft/world/level/Level;Lnet/minecraft/world/entity/LivingEntity;)Lnet/minecraft/world/item/ItemStack; from net/minecraft/world/item/Item/finishUsingItem(Lnet/minecraft/world/item/ItemStack;Lnet/minecraft/world/level/Level;Lnet/minecraft/world/entity/LivingEntity;)Lnet/minecraft/world/item/ItemStack;: finishUsingItem -> m_5922_
Conflicting propagated mapping for com/vladplay/mfte/item/LavaChickenItem/finishUsingItem(Lnet/minecraft/world/item/ItemStack;Lnet/minecraft/world/level/Level;Lnet/minecraft/world/entity/LivingEntity;)Lnet/minecraft/world/item/ItemStack; from net/minecraft/world/item/Item/finishUsingItem(Lnet/minecraft/world/item/ItemStack;Lnet/minecraft/world/level/Level;Lnet/minecraft/world/entity/LivingEntity;)Lnet/minecraft/world/item/ItemStack;: finishUsingItem -> m_5922_
Conflicting propagated mapping for com/vladplay/mfte/item/MangoItem/finishUsingItem(Lnet/minecraft/world/item/ItemStack;Lnet/minecraft/world/level/Level;Lnet/minecraft/world/entity/LivingEntity;)Lnet/minecraft/world/item/ItemStack; from net/minecraft/world/item/Item/finishUsingItem(Lnet/minecraft/world/item/ItemStack;Lnet/minecraft/world/level/Level;Lnet/minecraft/world/entity/LivingEntity;)Lnet/minecraft/world/item/ItemStack;: finishUsingItem -> m_5922_
Conflicting propagated mapping for com/vladplay/mfte/item/MayonnaiseJarItem/getUseAnimation(Lnet/minecraft/world/item/ItemStack;)Lnet/minecraft/world/item/UseAnim; from net/minecraft/world/item/Item/getUseAnimation(Lnet/minecraft/world/item/ItemStack;)Lnet/minecraft/world/item/UseAnim;: getUseAnimation -> m_6164_
Conflicting propagated mapping for com/vladplay/mfte/item/MayonnaiseJarItem/finishUsingItem(Lnet/minecraft/world/item/ItemStack;Lnet/minecraft/world/level/Level;Lnet/minecraft/world/entity/LivingEntity;)Lnet/minecraft/world/item/ItemStack; from net/minecraft/world/item/Item/finishUsingItem(Lnet/minecraft/world/item/ItemStack;Lnet/minecraft/world/level/Level;Lnet/minecraft/world/entity/LivingEntity;)Lnet/minecraft/world/item/ItemStack;: finishUsingItem -> m_5922_
Conflicting propagated mapping for com/vladplay/mfte/item/MustardBottleItem/getUseAnimation(Lnet/minecraft/world/item/ItemStack;)Lnet/minecraft/world/item/UseAnim; from net/minecraft/world/item/Item/getUseAnimation(Lnet/minecraft/world/item/ItemStack;)Lnet/minecraft/world/item/UseAnim;: getUseAnimation -> m_6164_
Conflicting propagated mapping for com/vladplay/mfte/item/MustardBottleItem/finishUsingItem(Lnet/minecraft/world/item/ItemStack;Lnet/minecraft/world/level/Level;Lnet/minecraft/world/entity/LivingEntity;)Lnet/minecraft/world/item/ItemStack; from net/minecraft/world/item/Item/finishUsingItem(Lnet/minecraft/world/item/ItemStack;Lnet/minecraft/world/level/Level;Lnet/minecraft/world/entity/LivingEntity;)Lnet/minecraft/world/item/ItemStack;: finishUsingItem -> m_5922_
Conflicting propagated mapping for com/vladplay/mfte/item/MustardSeedsItem/getUseAnimation(Lnet/minecraft/world/item/ItemStack;)Lnet/minecraft/world/item/UseAnim; from net/minecraft/world/item/Item/getUseAnimation(Lnet/minecraft/world/item/ItemStack;)Lnet/minecraft/world/item/UseAnim;: getUseAnimation -> m_6164_
Conflicting propagated mapping for com/vladplay/mfte/item/MustardSeedsItem/getUseDuration(Lnet/minecraft/world/item/ItemStack;)I from net/minecraft/world/item/Item/getUseDuration(Lnet/minecraft/world/item/ItemStack;)I: getUseDuration -> m_8105_
Conflicting propagated mapping for com/vladplay/mfte/item/NautilusItem/finishUsingItem(Lnet/minecraft/world/item/ItemStack;Lnet/minecraft/world/level/Level;Lnet/minecraft/world/entity/LivingEntity;)Lnet/minecraft/world/item/ItemStack; from net/minecraft/world/item/Item/finishUsingItem(Lnet/minecraft/world/item/ItemStack;Lnet/minecraft/world/level/Level;Lnet/minecraft/world/entity/LivingEntity;)Lnet/minecraft/world/item/ItemStack;: finishUsingItem -> m_5922_
Conflicting propagated mapping for com/vladplay/mfte/item/NetherFlameSauceItem/finishUsingItem(Lnet/minecraft/world/item/ItemStack;Lnet/minecraft/world/level/Level;Lnet/minecraft/world/entity/LivingEntity;)Lnet/minecraft/world/item/ItemStack; from net/minecraft/world/item/Item/finishUsingItem(Lnet/minecraft/world/item/ItemStack;Lnet/minecraft/world/level/Level;Lnet/minecraft/world/entity/LivingEntity;)Lnet/minecraft/world/item/ItemStack;: finishUsingItem -> m_5922_
Conflicting propagated mapping for com/vladplay/mfte/item/NightmareBobaTeaItem/getUseAnimation(Lnet/minecraft/world/item/ItemStack;)Lnet/minecraft/world/item/UseAnim; from net/minecraft/world/item/Item/getUseAnimation(Lnet/minecraft/world/item/ItemStack;)Lnet/minecraft/world/item/UseAnim;: getUseAnimation -> m_6164_
Conflicting propagated mapping for com/vladplay/mfte/item/OnionPowderItem/getUseAnimation(Lnet/minecraft/world/item/ItemStack;)Lnet/minecraft/world/item/UseAnim; from net/minecraft/world/item/Item/getUseAnimation(Lnet/minecraft/world/item/ItemStack;)Lnet/minecraft/world/item/UseAnim;: getUseAnimation -> m_6164_
Conflicting propagated mapping for com/vladplay/mfte/item/OnionPowderItem/getUseDuration(Lnet/minecraft/world/item/ItemStack;)I from net/minecraft/world/item/Item/getUseDuration(Lnet/minecraft/world/item/ItemStack;)I: getUseDuration -> m_8105_
Conflicting propagated mapping for com/vladplay/mfte/item/PaprikaItem/getUseAnimation(Lnet/minecraft/world/item/ItemStack;)Lnet/minecraft/world/item/UseAnim; from net/minecraft/world/item/Item/getUseAnimation(Lnet/minecraft/world/item/ItemStack;)Lnet/minecraft/world/item/UseAnim;: getUseAnimation -> m_6164_
Conflicting propagated mapping for com/vladplay/mfte/item/PaprikaItem/getUseDuration(Lnet/minecraft/world/item/ItemStack;)I from net/minecraft/world/item/Item/getUseDuration(Lnet/minecraft/world/item/ItemStack;)I: getUseDuration -> m_8105_
Conflicting propagated mapping for com/vladplay/mfte/item/PepperItem/getUseAnimation(Lnet/minecraft/world/item/ItemStack;)Lnet/minecraft/world/item/UseAnim; from net/minecraft/world/item/Item/getUseAnimation(Lnet/minecraft/world/item/ItemStack;)Lnet/minecraft/world/item/UseAnim;: getUseAnimation -> m_6164_
Conflicting propagated mapping for com/vladplay/mfte/item/PeanutItem/finishUsingItem(Lnet/minecraft/world/item/ItemStack;Lnet/minecraft/world/level/Level;Lnet/minecraft/world/entity/LivingEntity;)Lnet/minecraft/world/item/ItemStack; from net/minecraft/world/item/Item/finishUsingItem(Lnet/minecraft/world/item/ItemStack;Lnet/minecraft/world/level/Level;Lnet/minecraft/world/entity/LivingEntity;)Lnet/minecraft/world/item/ItemStack;: finishUsingItem -> m_5922_
Conflicting propagated mapping for com/vladplay/mfte/item/PepperItem/getUseDuration(Lnet/minecraft/world/item/ItemStack;)I from net/minecraft/world/item/Item/getUseDuration(Lnet/minecraft/world/item/ItemStack;)I: getUseDuration -> m_8105_
Conflicting propagated mapping for com/vladplay/mfte/item/PineOilItem/getUseAnimation(Lnet/minecraft/world/item/ItemStack;)Lnet/minecraft/world/item/UseAnim; from net/minecraft/world/item/Item/getUseAnimation(Lnet/minecraft/world/item/ItemStack;)Lnet/minecraft/world/item/UseAnim;: getUseAnimation -> m_6164_
Conflicting propagated mapping for com/vladplay/mfte/item/PineOilItem/use(Lnet/minecraft/world/level/Level;Lnet/minecraft/world/entity/player/Player;Lnet/minecraft/world/InteractionHand;)Lnet/minecraft/world/InteractionResultHolder; from net/minecraft/world/item/Item/use(Lnet/minecraft/world/level/Level;Lnet/minecraft/world/entity/player/Player;Lnet/minecraft/world/InteractionHand;)Lnet/minecraft/world/InteractionResultHolder;: use -> m_7203_
Conflicting propagated mapping for com/vladplay/mfte/item/PineOilItem/getUseDuration(Lnet/minecraft/world/item/ItemStack;)I from net/minecraft/world/item/Item/getUseDuration(Lnet/minecraft/world/item/ItemStack;)I: getUseDuration -> m_8105_
Conflicting propagated mapping for com/vladplay/mfte/item/PitahayaItem/finishUsingItem(Lnet/minecraft/world/item/ItemStack;Lnet/minecraft/world/level/Level;Lnet/minecraft/world/entity/LivingEntity;)Lnet/minecraft/world/item/ItemStack; from net/minecraft/world/item/Item/finishUsingItem(Lnet/minecraft/world/item/ItemStack;Lnet/minecraft/world/level/Level;Lnet/minecraft/world/entity/LivingEntity;)Lnet/minecraft/world/item/ItemStack;: finishUsingItem -> m_5922_
Conflicting propagated mapping for com/vladplay/mfte/item/PineOilItem/getEatingSound()Lnet/minecraft/sounds/SoundEvent; from net/minecraft/world/item/Item/getEatingSound()Lnet/minecraft/sounds/SoundEvent;: getEatingSound -> m_6061_
Conflicting propagated mapping for com/vladplay/mfte/item/VinegarBottleItem/getUseAnimation(Lnet/minecraft/world/item/ItemStack;)Lnet/minecraft/world/item/UseAnim; from net/minecraft/world/item/Item/getUseAnimation(Lnet/minecraft/world/item/ItemStack;)Lnet/minecraft/world/item/UseAnim;: getUseAnimation -> m_6164_
Conflicting propagated mapping for com/vladplay/mfte/item/VinegarBottleItem/finishUsingItem(Lnet/minecraft/world/item/ItemStack;Lnet/minecraft/world/level/Level;Lnet/minecraft/world/entity/LivingEntity;)Lnet/minecraft/world/item/ItemStack; from net/minecraft/world/item/Item/finishUsingItem(Lnet/minecraft/world/item/ItemStack;Lnet/minecraft/world/level/Level;Lnet/minecraft/world/entity/LivingEntity;)Lnet/minecraft/world/item/ItemStack;: finishUsingItem -> m_5922_
Conflicting propagated mapping for com/vladplay/mfte/item/PufferfishSushiItem/finishUsingItem(Lnet/minecraft/world/item/ItemStack;Lnet/minecraft/world/level/Level;Lnet/minecraft/world/entity/LivingEntity;)Lnet/minecraft/world/item/ItemStack; from net/minecraft/world/item/Item/finishUsingItem(Lnet/minecraft/world/item/ItemStack;Lnet/minecraft/world/level/Level;Lnet/minecraft/world/entity/LivingEntity;)Lnet/minecraft/world/item/ItemStack;: finishUsingItem -> m_5922_
Conflicting propagated mapping for com/vladplay/mfte/item/RawTortillaItem/finishUsingItem(Lnet/minecraft/world/item/ItemStack;Lnet/minecraft/world/level/Level;Lnet/minecraft/world/entity/LivingEntity;)Lnet/minecraft/world/item/ItemStack; from net/minecraft/world/item/Item/finishUsingItem(Lnet/minecraft/world/item/ItemStack;Lnet/minecraft/world/level/Level;Lnet/minecraft/world/entity/LivingEntity;)Lnet/minecraft/world/item/ItemStack;: finishUsingItem -> m_5922_
Conflicting propagated mapping for com/vladplay/mfte/item/RiceBowlItem/finishUsingItem(Lnet/minecraft/world/item/ItemStack;Lnet/minecraft/world/level/Level;Lnet/minecraft/world/entity/LivingEntity;)Lnet/minecraft/world/item/ItemStack; from net/minecraft/world/item/Item/finishUsingItem(Lnet/minecraft/world/item/ItemStack;Lnet/minecraft/world/level/Level;Lnet/minecraft/world/entity/LivingEntity;)Lnet/minecraft/world/item/ItemStack;: finishUsingItem -> m_5922_
Conflicting propagated mapping for com/vladplay/mfte/item/RottenNosemallowItem/finishUsingItem(Lnet/minecraft/world/item/ItemStack;Lnet/minecraft/world/level/Level;Lnet/minecraft/world/entity/LivingEntity;)Lnet/minecraft/world/item/ItemStack; from net/minecraft/world/item/Item/finishUsingItem(Lnet/minecraft/world/item/ItemStack;Lnet/minecraft/world/level/Level;Lnet/minecraft/world/entity/LivingEntity;)Lnet/minecraft/world/item/ItemStack;: finishUsingItem -> m_5922_
Conflicting propagated mapping for com/vladplay/mfte/item/SaltPepperItem/getUseAnimation(Lnet/minecraft/world/item/ItemStack;)Lnet/minecraft/world/item/UseAnim; from net/minecraft/world/item/Item/getUseAnimation(Lnet/minecraft/world/item/ItemStack;)Lnet/minecraft/world/item/UseAnim;: getUseAnimation -> m_6164_
Conflicting propagated mapping for com/vladplay/mfte/item/SaltPepperItem/getUseDuration(Lnet/minecraft/world/item/ItemStack;)I from net/minecraft/world/item/Item/getUseDuration(Lnet/minecraft/world/item/ItemStack;)I: getUseDuration -> m_8105_
Conflicting propagated mapping for com/vladplay/mfte/item/SodaBreezeItem/getUseAnimation(Lnet/minecraft/world/item/ItemStack;)Lnet/minecraft/world/item/UseAnim; from net/minecraft/world/item/Item/getUseAnimation(Lnet/minecraft/world/item/ItemStack;)Lnet/minecraft/world/item/UseAnim;: getUseAnimation -> m_6164_
Conflicting propagated mapping for com/vladplay/mfte/item/SoulFlaskItem/getUseAnimation(Lnet/minecraft/world/item/ItemStack;)Lnet/minecraft/world/item/UseAnim; from net/minecraft/world/item/Item/getUseAnimation(Lnet/minecraft/world/item/ItemStack;)Lnet/minecraft/world/item/UseAnim;: getUseAnimation -> m_6164_
Conflicting propagated mapping for com/vladplay/mfte/item/SodaPotionItem/finishUsingItem(Lnet/minecraft/world/item/ItemStack;Lnet/minecraft/world/level/Level;Lnet/minecraft/world/entity/LivingEntity;)Lnet/minecraft/world/item/ItemStack; from net/minecraft/world/item/Item/finishUsingItem(Lnet/minecraft/world/item/ItemStack;Lnet/minecraft/world/level/Level;Lnet/minecraft/world/entity/LivingEntity;)Lnet/minecraft/world/item/ItemStack;: finishUsingItem -> m_5922_
Conflicting propagated mapping for com/vladplay/mfte/item/SoyMilkItem/getUseAnimation(Lnet/minecraft/world/item/ItemStack;)Lnet/minecraft/world/item/UseAnim; from net/minecraft/world/item/Item/getUseAnimation(Lnet/minecraft/world/item/ItemStack;)Lnet/minecraft/world/item/UseAnim;: getUseAnimation -> m_6164_
Conflicting propagated mapping for com/vladplay/mfte/item/SoyMilkItem/finishUsingItem(Lnet/minecraft/world/item/ItemStack;Lnet/minecraft/world/level/Level;Lnet/minecraft/world/entity/LivingEntity;)Lnet/minecraft/world/item/ItemStack; from net/minecraft/world/item/Item/finishUsingItem(Lnet/minecraft/world/item/ItemStack;Lnet/minecraft/world/level/Level;Lnet/minecraft/world/entity/LivingEntity;)Lnet/minecraft/world/item/ItemStack;: finishUsingItem -> m_5922_
Conflicting propagated mapping for com/vladplay/mfte/item/SoybeansItem/getUseAnimation(Lnet/minecraft/world/item/ItemStack;)Lnet/minecraft/world/item/UseAnim; from net/minecraft/world/item/Item/getUseAnimation(Lnet/minecraft/world/item/ItemStack;)Lnet/minecraft/world/item/UseAnim;: getUseAnimation -> m_6164_
Conflicting propagated mapping for com/vladplay/mfte/item/SoybeansItem/use(Lnet/minecraft/world/level/Level;Lnet/minecraft/world/entity/player/Player;Lnet/minecraft/world/InteractionHand;)Lnet/minecraft/world/InteractionResultHolder; from net/minecraft/world/item/Item/use(Lnet/minecraft/world/level/Level;Lnet/minecraft/world/entity/player/Player;Lnet/minecraft/world/InteractionHand;)Lnet/minecraft/world/InteractionResultHolder;: use -> m_7203_
Conflicting propagated mapping for com/vladplay/mfte/item/SoybeansItem/getUseDuration(Lnet/minecraft/world/item/ItemStack;)I from net/minecraft/world/item/Item/getUseDuration(Lnet/minecraft/world/item/ItemStack;)I: getUseDuration -> m_8105_
Conflicting propagated mapping for com/vladplay/mfte/item/SoulFlaskItem/finishUsingItem(Lnet/minecraft/world/item/ItemStack;Lnet/minecraft/world/level/Level;Lnet/minecraft/world/entity/LivingEntity;)Lnet/minecraft/world/item/ItemStack; from net/minecraft/world/item/Item/finishUsingItem(Lnet/minecraft/world/item/ItemStack;Lnet/minecraft/world/level/Level;Lnet/minecraft/world/entity/LivingEntity;)Lnet/minecraft/world/item/ItemStack;: finishUsingItem -> m_5922_
Conflicting propagated mapping for com/vladplay/mfte/item/SoybeansItem/getEatingSound()Lnet/minecraft/sounds/SoundEvent; from net/minecraft/world/item/Item/getEatingSound()Lnet/minecraft/sounds/SoundEvent;: getEatingSound -> m_6061_
Conflicting propagated mapping for com/vladplay/mfte/item/StickyRiceItem/finishUsingItem(Lnet/minecraft/world/item/ItemStack;Lnet/minecraft/world/level/Level;Lnet/minecraft/world/entity/LivingEntity;)Lnet/minecraft/world/item/ItemStack; from net/minecraft/world/item/Item/finishUsingItem(Lnet/minecraft/world/item/ItemStack;Lnet/minecraft/world/level/Level;Lnet/minecraft/world/entity/LivingEntity;)Lnet/minecraft/world/item/ItemStack;: finishUsingItem -> m_5922_
Conflicting propagated mapping for com/vladplay/mfte/item/SwampLatteItem/getUseAnimation(Lnet/minecraft/world/item/ItemStack;)Lnet/minecraft/world/item/UseAnim; from net/minecraft/world/item/Item/getUseAnimation(Lnet/minecraft/world/item/ItemStack;)Lnet/minecraft/world/item/UseAnim;: getUseAnimation -> m_6164_
Conflicting propagated mapping for com/vladplay/mfte/item/TomatoPasteItem/getUseAnimation(Lnet/minecraft/world/item/ItemStack;)Lnet/minecraft/world/item/UseAnim; from net/minecraft/world/item/Item/getUseAnimation(Lnet/minecraft/world/item/ItemStack;)Lnet/minecraft/world/item/UseAnim;: getUseAnimation -> m_6164_
Conflicting propagated mapping for com/vladplay/mfte/item/TeaLeavesItem/getUseDuration(Lnet/minecraft/world/item/ItemStack;)I from net/minecraft/world/item/Item/getUseDuration(Lnet/minecraft/world/item/ItemStack;)I: getUseDuration -> m_8105_
Conflicting propagated mapping for com/vladplay/mfte/item/TomatoPasteItem/finishUsingItem(Lnet/minecraft/world/item/ItemStack;Lnet/minecraft/world/level/Level;Lnet/minecraft/world/entity/LivingEntity;)Lnet/minecraft/world/item/ItemStack; from net/minecraft/world/item/Item/finishUsingItem(Lnet/minecraft/world/item/ItemStack;Lnet/minecraft/world/level/Level;Lnet/minecraft/world/entity/LivingEntity;)Lnet/minecraft/world/item/ItemStack;: finishUsingItem -> m_5922_
Conflicting propagated mapping for com/vladplay/mfte/item/VexWingItem/getUseAnimation(Lnet/minecraft/world/item/ItemStack;)Lnet/minecraft/world/item/UseAnim; from net/minecraft/world/item/Item/getUseAnimation(Lnet/minecraft/world/item/ItemStack;)Lnet/minecraft/world/item/UseAnim;: getUseAnimation -> m_6164_
Conflicting propagated mapping for com/vladplay/mfte/item/VexWingItem/use(Lnet/minecraft/world/level/Level;Lnet/minecraft/world/entity/player/Player;Lnet/minecraft/world/InteractionHand;)Lnet/minecraft/world/InteractionResultHolder; from net/minecraft/world/item/Item/use(Lnet/minecraft/world/level/Level;Lnet/minecraft/world/entity/player/Player;Lnet/minecraft/world/InteractionHand;)Lnet/minecraft/world/InteractionResultHolder;: use -> m_7203_
Conflicting propagated mapping for com/vladplay/mfte/item/VexWingItem/getUseDuration(Lnet/minecraft/world/item/ItemStack;)I from net/minecraft/world/item/Item/getUseDuration(Lnet/minecraft/world/item/ItemStack;)I: getUseDuration -> m_8105_
Conflicting propagated mapping for com/vladplay/mfte/item/VexWingItem/getEatingSound()Lnet/minecraft/sounds/SoundEvent; from net/minecraft/world/item/Item/getEatingSound()Lnet/minecraft/sounds/SoundEvent;: getEatingSound -> m_6061_
Conflicting propagated mapping for com/vladplay/mfte/item/WardenHornItem/getUseAnimation(Lnet/minecraft/world/item/ItemStack;)Lnet/minecraft/world/item/UseAnim; from net/minecraft/world/item/Item/getUseAnimation(Lnet/minecraft/world/item/ItemStack;)Lnet/minecraft/world/item/UseAnim;: getUseAnimation -> m_6164_
Conflicting propagated mapping for com/vladplay/mfte/item/WardenHornItem/use(Lnet/minecraft/world/level/Level;Lnet/minecraft/world/entity/player/Player;Lnet/minecraft/world/InteractionHand;)Lnet/minecraft/world/InteractionResultHolder; from net/minecraft/world/item/Item/use(Lnet/minecraft/world/level/Level;Lnet/minecraft/world/entity/player/Player;Lnet/minecraft/world/InteractionHand;)Lnet/minecraft/world/InteractionResultHolder;: use -> m_7203_
Conflicting propagated mapping for com/vladplay/mfte/item/WardenHornItem/getUseDuration(Lnet/minecraft/world/item/ItemStack;)I from net/minecraft/world/item/Item/getUseDuration(Lnet/minecraft/world/item/ItemStack;)I: getUseDuration -> m_8105_
Conflicting propagated mapping for com/vladplay/mfte/item/WalnutItem/finishUsingItem(Lnet/minecraft/world/item/ItemStack;Lnet/minecraft/world/level/Level;Lnet/minecraft/world/entity/LivingEntity;)Lnet/minecraft/world/item/ItemStack; from net/minecraft/world/item/Item/finishUsingItem(Lnet/minecraft/world/item/ItemStack;Lnet/minecraft/world/level/Level;Lnet/minecraft/world/entity/LivingEntity;)Lnet/minecraft/world/item/ItemStack;: finishUsingItem -> m_5922_
Conflicting propagated mapping for com/vladplay/mfte/item/WeavingSpiderItem/finishUsingItem(Lnet/minecraft/world/item/ItemStack;Lnet/minecraft/world/level/Level;Lnet/minecraft/world/entity/LivingEntity;)Lnet/minecraft/world/item/ItemStack; from net/minecraft/world/item/Item/finishUsingItem(Lnet/minecraft/world/item/ItemStack;Lnet/minecraft/world/level/Level;Lnet/minecraft/world/entity/LivingEntity;)Lnet/minecraft/world/item/ItemStack;: finishUsingItem -> m_5922_
Conflicting propagated mapping for com/vladplay/mfte/item/ZombieHaunchItem/finishUsingItem(Lnet/minecraft/world/item/ItemStack;Lnet/minecraft/world/level/Level;Lnet/minecraft/world/entity/LivingEntity;)Lnet/minecraft/world/item/ItemStack; from net/minecraft/world/item/Item/finishUsingItem(Lnet/minecraft/world/item/ItemStack;Lnet/minecraft/world/level/Level;Lnet/minecraft/world/entity/LivingEntity;)Lnet/minecraft/world/item/ItemStack;: finishUsingItem -> m_5922_
Conflicting propagated mapping for com/vladplay/mfte/item/WardenHornItem/getEatingSound()Lnet/minecraft/sounds/SoundEvent; from net/minecraft/world/item/Item/getEatingSound()Lnet/minecraft/sounds/SoundEvent;: getEatingSound -> m_6061_
Conflicting propagated mapping for net/minecraftforge/items/SlotItemHandler/set(Lnet/minecraft/world/item/ItemStack;)V from net/minecraft/world/inventory/Slot/set(Lnet/minecraft/world/item/ItemStack;)V: set -> m_5852_
Conflicting propagated mapping for net/minecraftforge/items/SlotItemHandler/mayPlace(Lnet/minecraft/world/item/ItemStack;)Z from net/minecraft/world/inventory/Slot/mayPlace(Lnet/minecraft/world/item/ItemStack;)Z: mayPlace -> m_5857_
Conflicting propagated mapping for net/minecraftforge/items/SlotItemHandler/remove(I)Lnet/minecraft/world/item/ItemStack; from net/minecraft/world/inventory/Slot/remove(I)Lnet/minecraft/world/item/ItemStack;: remove -> m_6201_
Conflicting propagated mapping for net/minecraftforge/items/SlotItemHandler/onQuickCraft(Lnet/minecraft/world/item/ItemStack;Lnet/minecraft/world/item/ItemStack;)V from net/minecraft/world/inventory/Slot/onQuickCraft(Lnet/minecraft/world/item/ItemStack;Lnet/minecraft/world/item/ItemStack;)V: onQuickCraft -> m_40234_
Conflicting propagated mapping for net/minecraftforge/items/SlotItemHandler/getItem()Lnet/minecraft/world/item/ItemStack; from net/minecraft/world/inventory/Slot/getItem()Lnet/minecraft/world/item/ItemStack;: getItem -> m_7993_
Conflicting propagated mapping for net/minecraftforge/items/SlotItemHandler/getMaxStackSize(Lnet/minecraft/world/item/ItemStack;)I from net/minecraft/world/inventory/Slot/getMaxStackSize(Lnet/minecraft/world/item/ItemStack;)I: getMaxStackSize -> m_5866_
Conflicting propagated mapping for net/minecraftforge/items/SlotItemHandler/mayPickup(Lnet/minecraft/world/entity/player/Player;)Z from net/minecraft/world/inventory/Slot/mayPickup(Lnet/minecraft/world/entity/player/Player;)Z: mayPickup -> m_8010_
Conflicting propagated mapping for net/minecraftforge/items/SlotItemHandler/getMaxStackSize()I from net/minecraft/world/inventory/Slot/getMaxStackSize()I: getMaxStackSize -> m_6641_
Conflicting propagated mapping for com/vladplay/mfte/world/inventory/FridgeGUIMenu$23/mayPlace(Lnet/minecraft/world/item/ItemStack;)Z from net/minecraftforge/items/SlotItemHandler/mayPlace(Lnet/minecraft/world/item/ItemStack;)Z: mayPlace -> m_5857_
Adding extras
Sorting
Writing Output: D:\MCreatorWorkspaces\morefoodthanever\build\libs\modid-1.0.jar
  META-INF/
  META-INF/MANIFEST.MF
  META-INF/jarjar/
  META-INF/jarjar/metadata.json
  META-INF/jarjar/mixinextras-neoforge-0.5.0.jar
  META-INF/mods.toml
  assets/
  assets/morefoodthanever/
  assets/morefoodthanever/blockstates/
  assets/morefoodthanever/blockstates/benzoin_sapling.json
  assets/morefoodthanever/blockstates/cantaloupe.json
  assets/morefoodthanever/blockstates/cantaloupe_plant.json
  assets/morefoodthanever/blockstates/deepslate_plastic_ore.json
  assets/morefoodthanever/blockstates/grapefruit_sapling.json
  assets/morefoodthanever/blockstates/honeydew.json
  assets/morefoodthanever/blockstates/honeydew_plant.json
  assets/morefoodthanever/blockstates/lavender_sapling.json
  assets/morefoodthanever/blockstates/lemon_sapling.json
  assets/morefoodthanever/blockstates/lime_sapling.json
  assets/morefoodthanever/blockstates/mint_sapling.json
  assets/morefoodthanever/blockstates/oakmoss_sapling.json
  assets/morefoodthanever/blockstates/orange_sapling.json
  assets/morefoodthanever/blockstates/pine_oil_sapling.json
  assets/morefoodthanever/blockstates/plastic_ore.json
  assets/morefoodthanever/blockstates/rice_panicle.json
  assets/morefoodthanever/blockstates/sour_berry_bush.json
  assets/morefoodthanever/blockstates/tonka_sapling.json
  assets/morefoodthanever/blockstates/wax_block.json
  assets/morefoodthanever/blockstates/ylang_ylang_sapling.json
  assets/morefoodthanever/lang/
  assets/morefoodthanever/lang/en_us.json
  assets/morefoodthanever/lang/ru_ru.json
  assets/morefoodthanever/models/
  assets/morefoodthanever/models/block/
  assets/morefoodthanever/models/block/benzoin_sapling.json
  assets/morefoodthanever/models/block/cantaloupe.json
  assets/morefoodthanever/models/block/cantaloupe_plant.json
  assets/morefoodthanever/models/block/deepslate_plastic_ore.json
  assets/morefoodthanever/models/block/grapefruit_sapling.json
  assets/morefoodthanever/models/block/honeydew.json
  assets/morefoodthanever/models/block/honeydew_plant.json
  assets/morefoodthanever/models/block/lavender_sapling.json
  assets/morefoodthanever/models/block/lemon_sapling.json
  assets/morefoodthanever/models/block/lime_sapling.json
  assets/morefoodthanever/models/block/mint_sapling.json
  assets/morefoodthanever/models/block/oakmoss_sapling.json
  assets/morefoodthanever/models/block/orange_sapling.json
  assets/morefoodthanever/models/block/pine_oil_sapling.json
  assets/morefoodthanever/models/block/plastic_ore.json
  assets/morefoodthanever/models/block/rice_panicle.json
  assets/morefoodthanever/models/block/sour_berry_bush.json
  assets/morefoodthanever/models/block/tonka_sapling.json
  assets/morefoodthanever/models/block/wax_block.json
  assets/morefoodthanever/models/block/ylang_ylang_sapling.json
  assets/morefoodthanever/models/item/
  assets/morefoodthanever/models/item/acorn.json
  assets/morefoodthanever/models/item/actual_chocolate.json
  assets/morefoodthanever/models/item/avocado.json
  assets/morefoodthanever/models/item/avocado_half.json
  assets/morefoodthanever/models/item/avocado_peel.json
  assets/morefoodthanever/models/item/avocado_peel_half.json
  assets/morefoodthanever/models/item/bad_luck_clover.json
  assets/morefoodthanever/models/item/baked_poisonous_potato.json
  assets/morefoodthanever/models/item/banana.json
  assets/morefoodthanever/models/item/batter_bowl.json
  assets/morefoodthanever/models/item/battered_breeze_balls.json
  assets/morefoodthanever/models/item/beef_sushi.json
  assets/morefoodthanever/models/item/bell_pepper.json
  assets/morefoodthanever/models/item/benzoin.json
  assets/morefoodthanever/models/item/benzoin_sapling.json
  assets/morefoodthanever/models/item/big_mac.json
  assets/morefoodthanever/models/item/big_mac_sauce.json
  assets/morefoodthanever/models/item/biscuit.json
  assets/morefoodthanever/models/item/black_plastic.json
  assets/morefoodthanever/models/item/blackberry.json
  assets/morefoodthanever/models/item/blaze_cocoa.json
  assets/morefoodthanever/models/item/blindness_eye.json
  assets/morefoodthanever/models/item/blindness_sushi.json
  assets/morefoodthanever/models/item/blue_plastic.json
  assets/morefoodthanever/models/item/blueberries.json
  assets/morefoodthanever/models/item/bogged_moss.json
  assets/morefoodthanever/models/item/bogged_stew.json
  assets/morefoodthanever/models/item/bone_shake.json
  assets/morefoodthanever/models/item/boomstick_popsicle.json
  assets/morefoodthanever/models/item/bottom_bun.json
  assets/morefoodthanever/models/item/brain_juice.json
  assets/morefoodthanever/models/item/brain_sushi.json
  assets/morefoodthanever/models/item/breeze_sushi.json
  assets/morefoodthanever/models/item/burger_crystal.json
  assets/morefoodthanever/models/item/burnt_marshmallow_stick.json
  assets/morefoodthanever/models/item/burnt_smore.json
  assets/morefoodthanever/models/item/butter.json
  assets/morefoodthanever/models/item/buttered_pancakes.json
  assets/morefoodthanever/models/item/cacao_butter.json
  assets/morefoodthanever/models/item/cacao_butter_bottle.json
  assets/morefoodthanever/models/item/cake_layer.json
  assets/morefoodthanever/models/item/cake_slice.json
  assets/morefoodthanever/models/item/candy.json
  assets/morefoodthanever/models/item/candy_wrapper.json
  assets/morefoodthanever/models/item/cantaloupe.json
  assets/morefoodthanever/models/item/cantaloupe_plant.json
  assets/morefoodthanever/models/item/cantaloupe_slice.json
  assets/morefoodthanever/models/item/cardboard.json
  assets/morefoodthanever/models/item/caring_heart.json
  assets/morefoodthanever/models/item/cayenne_pepper.json
  assets/morefoodthanever/models/item/cedarwood.json
  assets/morefoodthanever/models/item/center_bun.json
  assets/morefoodthanever/models/item/cheese.json
  assets/morefoodthanever/models/item/cheese_bucket.json
  assets/morefoodthanever/models/item/cherries.json
  assets/morefoodthanever/models/item/chicken_sushi.json
  assets/morefoodthanever/models/item/chili_pepper.json
  assets/morefoodthanever/models/item/chocolate.json
  assets/morefoodthanever/models/item/chocolate_chip.json
  assets/morefoodthanever/models/item/chocolate_dough.json
  assets/morefoodthanever/models/item/chocolate_strawberry.json
  assets/morefoodthanever/models/item/chum_bucket.json
  assets/morefoodthanever/models/item/cocoa_mug.json
  assets/morefoodthanever/models/item/coconut.json
  assets/morefoodthanever/models/item/coconut_half.json
  assets/morefoodthanever/models/item/coconut_shell.json
  assets/morefoodthanever/models/item/coconut_shell_half.json
  assets/morefoodthanever/models/item/cod_sushi.json
  assets/morefoodthanever/models/item/coffee_beans.json
  assets/morefoodthanever/models/item/coffee_mug.json
  assets/morefoodthanever/models/item/conduit_power_hots.json
  assets/morefoodthanever/models/item/consumable_sugar.json
  assets/morefoodthanever/models/item/consumable_sugar_cane.json
  assets/morefoodthanever/models/item/cooked_pufferfish.json
  assets/morefoodthanever/models/item/cooked_pufferfish_sushi.json
  assets/morefoodthanever/models/item/cooked_soybeans.json
  assets/morefoodthanever/models/item/cooked_tofu.json
  assets/morefoodthanever/models/item/cooked_tropical_fish.json
  assets/morefoodthanever/models/item/cookie_dough.json
  assets/morefoodthanever/models/item/corn.json
  assets/morefoodthanever/models/item/corn_starch.json
  assets/morefoodthanever/models/item/cracked_wither_skull.json
  assets/morefoodthanever/models/item/cranberries.json
  assets/morefoodthanever/models/item/creaking_bark.json
  assets/morefoodthanever/models/item/cream_bucket.json
  assets/morefoodthanever/models/item/crispy_horse_ribs.json
  assets/morefoodthanever/models/item/crispy_horse_sushi.json
  assets/morefoodthanever/models/item/crunchy_cupcake.json
  assets/morefoodthanever/models/item/crystallized_honey.json
  assets/morefoodthanever/models/item/cucumber.json
  assets/morefoodthanever/models/item/cupcake.json
  assets/morefoodthanever/models/item/cupcake_layer.json
  assets/morefoodthanever/models/item/deepslate_plastic_ore.json
  assets/morefoodthanever/models/item/dolphin.json
  assets/morefoodthanever/models/item/dough.json
  assets/morefoodthanever/models/item/dragon_hotpot.json
  assets/morefoodthanever/models/item/drinkable_water_bucket.json
  assets/morefoodthanever/models/item/drowned_stew.json
  assets/morefoodthanever/models/item/dynamite.json
  assets/morefoodthanever/models/item/edible_beetroot_seeds.json
  assets/morefoodthanever/models/item/edible_cocoa_beans.json
  assets/morefoodthanever/models/item/edible_egg.json
  assets/morefoodthanever/models/item/edible_honeycomb.json
  assets/morefoodthanever/models/item/edible_kelp.json
  assets/morefoodthanever/models/item/edible_melon_seeds.json
  assets/morefoodthanever/models/item/edible_nether_wart.json
  assets/morefoodthanever/models/item/edible_powder_snow_bucket.json
  assets/morefoodthanever/models/item/edible_pumpkin_seeds.json
  assets/morefoodthanever/models/item/edible_snowball.json
  assets/morefoodthanever/models/item/edible_turtle_egg.json
  assets/morefoodthanever/models/item/edible_wheat_seeds.json
  assets/morefoodthanever/models/item/egg_shell.json
  assets/morefoodthanever/models/item/elder_guardian_eye.json
  assets/morefoodthanever/models/item/elder_guardian_sushi.json
  assets/morefoodthanever/models/item/empty_mayo_jar.json
  assets/morefoodthanever/models/item/empty_raid_omen.json
  assets/morefoodthanever/models/item/empty_soybean_pod.json
  assets/morefoodthanever/models/item/ender_dragon_haunch.json
  assets/morefoodthanever/models/item/ender_dragon_sushi.json
  assets/morefoodthanever/models/item/ender_eye_skewer.json
  assets/morefoodthanever/models/item/ender_eye_sushi.json
  assets/morefoodthanever/models/item/ender_lemonade.json
  assets/morefoodthanever/models/item/ender_pearl_sushi.json
  assets/morefoodthanever/models/item/ender_shell.json
  assets/morefoodthanever/models/item/ender_spice.json
  assets/morefoodthanever/models/item/endermite_sushi.json
  assets/morefoodthanever/models/item/evoker_fang.json
  assets/morefoodthanever/models/item/evoker_fang_sushi.json
  assets/morefoodthanever/models/item/expired_milk.json
  assets/morefoodthanever/models/item/flour.json
  assets/morefoodthanever/models/item/french_fries.json
  assets/morefoodthanever/models/item/french_fry_box.json
  assets/morefoodthanever/models/item/fried_bone_chips.json
  assets/morefoodthanever/models/item/fried_egg.json
  assets/morefoodthanever/models/item/frozen_patty.json
  assets/morefoodthanever/models/item/frozen_patty_box.json
  assets/morefoodthanever/models/item/garlic.json
  assets/morefoodthanever/models/item/garlic_powder.json
  assets/morefoodthanever/models/item/gelatin.json
  assets/morefoodthanever/models/item/ghost_cake.json
  assets/morefoodthanever/models/item/giant_smore.json
  assets/morefoodthanever/models/item/glass_cup.json
  assets/morefoodthanever/models/item/glazed_illage_skewer.json
  assets/morefoodthanever/models/item/glow_dye.json
  assets/morefoodthanever/models/item/glowing_berry.json
  assets/morefoodthanever/models/item/glowing_bone.json
  assets/morefoodthanever/models/item/glowing_carrot.json
  assets/morefoodthanever/models/item/glowing_fish.json
  assets/morefoodthanever/models/item/glowing_fish_sushi.json
  assets/morefoodthanever/models/item/grapefruit.json
  assets/morefoodthanever/models/item/grapefruit_sapling.json
  assets/morefoodthanever/models/item/grapefruit_slice.json
  assets/morefoodthanever/models/item/grapes.json
  assets/morefoodthanever/models/item/green_bean.json
  assets/morefoodthanever/models/item/green_ham_and_eggs.json
  assets/morefoodthanever/models/item/green_ham_sushi.json
  assets/morefoodthanever/models/item/grimace_shake.json
  assets/morefoodthanever/models/item/guardian_broth.json
  assets/morefoodthanever/models/item/guardian_eye.json
  assets/morefoodthanever/models/item/guardian_sushi.json
  assets/morefoodthanever/models/item/health_boost_heart.json
  assets/morefoodthanever/models/item/hoglin_broth.json
  assets/morefoodthanever/models/item/hoglin_meat.json
  assets/morefoodthanever/models/item/hoglin_sushi.json
  assets/morefoodthanever/models/item/honeydew.json
  assets/morefoodthanever/models/item/honeydew_plant.json
  assets/morefoodthanever/models/item/honeydew_slice.json
  assets/morefoodthanever/models/item/hot_chocolate_churro.json
  assets/morefoodthanever/models/item/huckleberries.json
  assets/morefoodthanever/models/item/hunger_haunch.json
  assets/morefoodthanever/models/item/hunger_sushi.json
  assets/morefoodthanever/models/item/ice_cream_bucket.json
  assets/morefoodthanever/models/item/illage_burger.json
  assets/morefoodthanever/models/item/illager_shank.json
  assets/morefoodthanever/models/item/illager_sushi.json
  assets/morefoodthanever/models/item/infested_silverfish.json
  assets/morefoodthanever/models/item/instant_cake.json
  assets/morefoodthanever/models/item/instant_damage_heart.json
  assets/morefoodthanever/models/item/instant_damage_sushi.json
  assets/morefoodthanever/models/item/instant_health_heart.json
  assets/morefoodthanever/models/item/instant_health_sushi.json
  assets/morefoodthanever/models/item/jelly_jar.json
  assets/morefoodthanever/models/item/jellyfish.json
  assets/morefoodthanever/models/item/jellyfish_jelly.json
  assets/morefoodthanever/models/item/ketchup_bottle.json
  assets/morefoodthanever/models/item/kiwi.json
  assets/morefoodthanever/models/item/kiwifruit.json
  assets/morefoodthanever/models/item/krabby_patty.json
  assets/morefoodthanever/models/item/krabby_pizza.json
  assets/morefoodthanever/models/item/lava_chicken.json
  assets/morefoodthanever/models/item/lavender.json
  assets/morefoodthanever/models/item/lavender_sapling.json
  assets/morefoodthanever/models/item/leather_sushi.json
  assets/morefoodthanever/models/item/lemon.json
  assets/morefoodthanever/models/item/lemon_sapling.json
  assets/morefoodthanever/models/item/lemon_slice.json
  assets/morefoodthanever/models/item/lettuce.json
  assets/morefoodthanever/models/item/lime.json
  assets/morefoodthanever/models/item/lime_sapling.json
  assets/morefoodthanever/models/item/lime_slice.json
  assets/morefoodthanever/models/item/lingonberries.json
  assets/morefoodthanever/models/item/luck_clover.json
  assets/morefoodthanever/models/item/magma_cream_cob.json
  assets/morefoodthanever/models/item/makizushi_rice.json
  assets/morefoodthanever/models/item/mango.json
  assets/morefoodthanever/models/item/mango_skin.json
  assets/morefoodthanever/models/item/marshmallow.json
  assets/morefoodthanever/models/item/marshmallow_stick.json
  assets/morefoodthanever/models/item/mayonnaise_jar.json
  assets/morefoodthanever/models/item/mayonnaise_label.json
  assets/morefoodthanever/models/item/mc_nuggets.json
  assets/morefoodthanever/models/item/meat_patty.json
  assets/morefoodthanever/models/item/mint.json
  assets/morefoodthanever/models/item/mint_sapling.json
  assets/morefoodthanever/models/item/mochi.json
  assets/morefoodthanever/models/item/mug.json
  assets/morefoodthanever/models/item/mummy_sushi.json
  assets/morefoodthanever/models/item/mummy_wrap.json
  assets/morefoodthanever/models/item/mustard_bottle.json
  assets/morefoodthanever/models/item/mustard_seeds.json
  assets/morefoodthanever/models/item/mutton_sushi.json
  assets/morefoodthanever/models/item/nacho.json
  assets/morefoodthanever/models/item/narezushi_rice.json
  assets/morefoodthanever/models/item/nausea_stomach.json
  assets/morefoodthanever/models/item/nausea_sushi.json
  assets/morefoodthanever/models/item/nautilus.json
  assets/morefoodthanever/models/item/nether_flame_sauce.json
  assets/morefoodthanever/models/item/nether_spice.json
  assets/morefoodthanever/models/item/night_vision_eye.json
  assets/morefoodthanever/models/item/night_vision_sushi.json
  assets/morefoodthanever/models/item/nightmare_boba_tea.json
  assets/morefoodthanever/models/item/oakmoss.json
  assets/morefoodthanever/models/item/oakmoss_sapling.json
  assets/morefoodthanever/models/item/oil_bottle.json
  assets/morefoodthanever/models/item/olives.json
  assets/morefoodthanever/models/item/ominous_berry_pie.json
  assets/morefoodthanever/models/item/ominous_spice.json
  assets/morefoodthanever/models/item/onion.json
  assets/morefoodthanever/models/item/onion_powder.json
  assets/morefoodthanever/models/item/oozing_slime.json
  assets/morefoodthanever/models/item/orange.json
  assets/morefoodthanever/models/item/orange_sapling.json
  assets/morefoodthanever/models/item/orange_slice.json
  assets/morefoodthanever/models/item/oshizushi_rice.json
  assets/morefoodthanever/models/item/pancakes.json
  assets/morefoodthanever/models/item/paprika.json
  assets/morefoodthanever/models/item/patty.json
  assets/morefoodthanever/models/item/peach.json
  assets/morefoodthanever/models/item/peanut.json
  assets/morefoodthanever/models/item/peanut_shell.json
  assets/morefoodthanever/models/item/pear.json
  assets/morefoodthanever/models/item/pepper.json
  assets/morefoodthanever/models/item/pepperoni.json
  assets/morefoodthanever/models/item/piglin_nose.json
  assets/morefoodthanever/models/item/piglin_nose_sushi.json
  assets/morefoodthanever/models/item/piglin_pizza.json
  assets/morefoodthanever/models/item/pine_cone.json
  assets/morefoodthanever/models/item/pine_oil.json
  assets/morefoodthanever/models/item/pine_oil_sapling.json
  assets/morefoodthanever/models/item/pineapple.json
  assets/morefoodthanever/models/item/pineapple_peel.json
  assets/morefoodthanever/models/item/pineapple_seeds.json
  assets/morefoodthanever/models/item/pitahaya.json
  assets/morefoodthanever/models/item/pitahaya_peel.json
  assets/morefoodthanever/models/item/pizza_crust.json
  assets/morefoodthanever/models/item/plastic.json
  assets/morefoodthanever/models/item/plastic_condiment_bottle.json
  assets/morefoodthanever/models/item/plastic_ore.json
  assets/morefoodthanever/models/item/plum.json
  assets/morefoodthanever/models/item/poisoned_cream_cone.json
  assets/morefoodthanever/models/item/poisonous_potato_nubs.json
  assets/morefoodthanever/models/item/poisonous_potato_stew.json
  assets/morefoodthanever/models/item/pomegranate.json
  assets/morefoodthanever/models/item/pork_sushi.json
  assets/morefoodthanever/models/item/potato_eye.json
  assets/morefoodthanever/models/item/potato_eye_sushi.json
  assets/morefoodthanever/models/item/potato_stew.json
  assets/morefoodthanever/models/item/prickly_pear.json
  assets/morefoodthanever/models/item/pufferfish_sushi.json
  assets/morefoodthanever/models/item/rabbit_sushi.json
  assets/morefoodthanever/models/item/raid_omen_head.json
  assets/morefoodthanever/models/item/raspberry.json
  assets/morefoodthanever/models/item/ravager_haunch.json
  assets/morefoodthanever/models/item/ravager_steak.json
  assets/morefoodthanever/models/item/ravager_sushi.json
  assets/morefoodthanever/models/item/raw_biscuit.json
  assets/morefoodthanever/models/item/raw_bottom_bun.json
  assets/morefoodthanever/models/item/raw_bun.json
  assets/morefoodthanever/models/item/raw_center_bun.json
  assets/morefoodthanever/models/item/raw_krabby_pizza.json
  assets/morefoodthanever/models/item/raw_meat_patty.json
  assets/morefoodthanever/models/item/raw_pancakes.json
  assets/morefoodthanever/models/item/raw_patty.json
  assets/morefoodthanever/models/item/raw_sesame_bun.json
  assets/morefoodthanever/models/item/raw_tofu.json
  assets/morefoodthanever/models/item/raw_tortilla.json
  assets/morefoodthanever/models/item/raw_waffle.json
  assets/morefoodthanever/models/item/red_plastic.json
  assets/morefoodthanever/models/item/regeneration_heart.json
  assets/morefoodthanever/models/item/regeneration_sushi.json
  assets/morefoodthanever/models/item/rice.json
  assets/morefoodthanever/models/item/rice_bowl.json
  assets/morefoodthanever/models/item/rice_panicle.json
  assets/morefoodthanever/models/item/roasted_marshmallow_stick.json
  assets/morefoodthanever/models/item/roasted_smore.json
  assets/morefoodthanever/models/item/rotten_flesh_sushi.json
  assets/morefoodthanever/models/item/rotten_nosemallow.json
  assets/morefoodthanever/models/item/rotten_rib_sushi.json
  assets/morefoodthanever/models/item/rotten_ribs.json
  assets/morefoodthanever/models/item/salmon_sushi.json
  assets/morefoodthanever/models/item/salt.json
  assets/morefoodthanever/models/item/salt_pepper.json
  assets/morefoodthanever/models/item/salt_sugar.json
  assets/morefoodthanever/models/item/saturation_haunch.json
  assets/morefoodthanever/models/item/sauce_container.json
  assets/morefoodthanever/models/item/sea_sushi.json
  assets/morefoodthanever/models/item/seaweed.json
  assets/morefoodthanever/models/item/sesame_bun.json
  assets/morefoodthanever/models/item/sesame_seeds.json
  assets/morefoodthanever/models/item/shulker_goo.json
  assets/morefoodthanever/models/item/shulker_spaghetti.json
  assets/morefoodthanever/models/item/silver_seafood.json
  assets/morefoodthanever/models/item/silverfish_shell.json
  assets/morefoodthanever/models/item/silverfish_sushi.json
  assets/morefoodthanever/models/item/slime_stew.json
  assets/morefoodthanever/models/item/smore.json
  assets/morefoodthanever/models/item/soda_breeze.json
  assets/morefoodthanever/models/item/soda_potion.json
  assets/morefoodthanever/models/item/soul_flask.json
  assets/morefoodthanever/models/item/soul_slorp.json
  assets/morefoodthanever/models/item/sour_berries.json
  assets/morefoodthanever/models/item/sour_berry_bush.json
  assets/morefoodthanever/models/item/soy_milk.json
  assets/morefoodthanever/models/item/soybean_pod.json
  assets/morefoodthanever/models/item/soybeans.json
  assets/morefoodthanever/models/item/spider_eye_sushi.json
  assets/morefoodthanever/models/item/sticky_rice.json
  assets/morefoodthanever/models/item/straw.json
  assets/morefoodthanever/models/item/strawberry.json
  assets/morefoodthanever/models/item/stuffed_endermite.json
  assets/morefoodthanever/models/item/stuffed_stump.json
  assets/morefoodthanever/models/item/sushi_rice.json
  assets/morefoodthanever/models/item/swamp_latte.json
  assets/morefoodthanever/models/item/sweet_berry.json
  assets/morefoodthanever/models/item/sweet_berry_bottle.json
  assets/morefoodthanever/models/item/tater_tots.json
  assets/morefoodthanever/models/item/tea_leaves.json
  assets/morefoodthanever/models/item/tomato.json
  assets/morefoodthanever/models/item/tomato_paste.json
  assets/morefoodthanever/models/item/tonka.json
  assets/morefoodthanever/models/item/tonka_sapling.json
  assets/morefoodthanever/models/item/top_bun.json
  assets/morefoodthanever/models/item/tortilla.json
  assets/morefoodthanever/models/item/tortilla_chip.json
  assets/morefoodthanever/models/item/tropical_fish_sushi.json
  assets/morefoodthanever/models/item/turmeric.json
  assets/morefoodthanever/models/item/turnip.json
  assets/morefoodthanever/models/item/turtle_egg_shell.json
  assets/morefoodthanever/models/item/vanilla.json
  assets/morefoodthanever/models/item/vex_wing.json
  assets/morefoodthanever/models/item/vexed_sandwich.json
  assets/morefoodthanever/models/item/vinegar_bottle.json
  assets/morefoodthanever/models/item/waffle.json
  assets/morefoodthanever/models/item/waffle_cone.json
  assets/morefoodthanever/models/item/walnut.json
  assets/morefoodthanever/models/item/walnut_shell.json
  assets/morefoodthanever/models/item/warden_cake.json
  assets/morefoodthanever/models/item/warden_horn.json
  assets/morefoodthanever/models/item/wax_block.json
  assets/morefoodthanever/models/item/weaving_spider.json
  assets/morefoodthanever/models/item/webbed_cream_cone.json
  assets/morefoodthanever/models/item/welldone_marshmallow.json
  assets/morefoodthanever/models/item/welldone_smore.json
  assets/morefoodthanever/models/item/winter_sushi.json
  assets/morefoodthanever/models/item/winter_wrap.json
  assets/morefoodthanever/models/item/wither_heart.json
  assets/morefoodthanever/models/item/wither_heart_sushi.json
  assets/morefoodthanever/models/item/wither_skull_sub.json
  assets/morefoodthanever/models/item/withered_bone.json
  assets/morefoodthanever/models/item/withered_bonedog.json
  assets/morefoodthanever/models/item/yeast.json
  assets/morefoodthanever/models/item/yellow_plastic.json
  assets/morefoodthanever/models/item/ylang_ylang.json
  assets/morefoodthanever/models/item/ylang_ylang_sapling.json
  assets/morefoodthanever/models/item/zombie_haunch.json
  assets/morefoodthanever/textures/
  assets/morefoodthanever/textures/block/
  assets/morefoodthanever/textures/block/benzoin_sapling.png
  assets/morefoodthanever/textures/block/cantaloupe_inside.png
  assets/morefoodthanever/textures/block/cantaloupe_inside_small.png
  assets/morefoodthanever/textures/block/cantaloupe_medium.png
  assets/morefoodthanever/textures/block/cantaloupe_plant.png
  assets/morefoodthanever/textures/block/cantaloupe_rind.png
  assets/morefoodthanever/textures/block/cantaloupe_side.png
  assets/morefoodthanever/textures/block/cantaloupe_side_small.png
  assets/morefoodthanever/textures/block/cantaloupe_top.png
  assets/morefoodthanever/textures/block/deepslate_plastic_ore.png
  assets/morefoodthanever/textures/block/grapefruit_sapling.png
  assets/morefoodthanever/textures/block/honeydew.png
  assets/morefoodthanever/textures/block/honeydew_top.png
  assets/morefoodthanever/textures/block/lavender_sapling.png
  assets/morefoodthanever/textures/block/lemon_sapling.png
  assets/morefoodthanever/textures/block/lime_sapling.png
  assets/morefoodthanever/textures/block/mint_sapling.png
  assets/morefoodthanever/textures/block/oakmoss_sapling.png
  assets/morefoodthanever/textures/block/orange_sapling.png
  assets/morefoodthanever/textures/block/pine_oil_sapling.png
  assets/morefoodthanever/textures/block/plastic_ore.png
  assets/morefoodthanever/textures/block/rice_panicle.png
  assets/morefoodthanever/textures/block/sour_berry_bush.png
  assets/morefoodthanever/textures/block/tonka_sapling.png
  assets/morefoodthanever/textures/block/wax_block.png
  assets/morefoodthanever/textures/block/ylangylang_sapling.png
  assets/morefoodthanever/textures/entities/
  assets/morefoodthanever/textures/entities/clownfish.png
  assets/morefoodthanever/textures/food.png
  assets/morefoodthanever/textures/item/
  assets/morefoodthanever/textures/item/15_year_cake.png
  assets/morefoodthanever/textures/item/16px-bathbombcedarwood.png
  assets/morefoodthanever/textures/item/16px-bathbombmint.png
  assets/morefoodthanever/textures/item/16px-steves_lava_chicken_item.png
  assets/morefoodthanever/textures/item/3soybeans.png
  assets/morefoodthanever/textures/item/acorn.png
  assets/morefoodthanever/textures/item/apple_sushi.png
  assets/morefoodthanever/textures/item/avocado.png
  assets/morefoodthanever/textures/item/avocado_peel.png
  assets/morefoodthanever/textures/item/bakedpp.png
  assets/morefoodthanever/textures/item/banana.png
  assets/morefoodthanever/textures/item/batter_bowl.png
  assets/morefoodthanever/textures/item/battered_breeze_balls.png
  assets/morefoodthanever/textures/item/beef_sushi.png
  assets/morefoodthanever/textures/item/bell_pepper.png
  assets/morefoodthanever/textures/item/benzoin.png
  assets/morefoodthanever/textures/item/berry_juice.png
  assets/morefoodthanever/textures/item/big_mac.png
  assets/morefoodthanever/textures/item/big_mac_sauce.png
  assets/morefoodthanever/textures/item/black_plastic.png
  assets/morefoodthanever/textures/item/blackberry.png
  assets/morefoodthanever/textures/item/blaze_cocoa.png
  assets/morefoodthanever/textures/item/blindness.png
  assets/morefoodthanever/textures/item/blindness_sushi.png
  assets/morefoodthanever/textures/item/blue_plastic.png
  assets/morefoodthanever/textures/item/blueberries.png
  assets/morefoodthanever/textures/item/bogged_moss.png
  assets/morefoodthanever/textures/item/bogged_stew.png
  assets/morefoodthanever/textures/item/bone_shake.png
  assets/morefoodthanever/textures/item/boomstick_popsicle.png
  assets/morefoodthanever/textures/item/bottom_sesame_bun.png
  assets/morefoodthanever/textures/item/brain_juice.png
  assets/morefoodthanever/textures/item/brain_sushi.png
  assets/morefoodthanever/textures/item/breath_of_the_nautilus.png
  assets/morefoodthanever/textures/item/breeze_cone.png
  assets/morefoodthanever/textures/item/breeze_sushi.png
  assets/morefoodthanever/textures/item/burger_bud.png
  assets/morefoodthanever/textures/item/burger_bud2.png
  assets/morefoodthanever/textures/item/burger_crystal.png
  assets/morefoodthanever/textures/item/butter.png
  assets/morefoodthanever/textures/item/cacaobutter.png
  assets/morefoodthanever/textures/item/cacaobutterbottle.png
  assets/morefoodthanever/textures/item/cake_slice.png
  assets/morefoodthanever/textures/item/candy.png
  assets/morefoodthanever/textures/item/cantaloupe_seeds.png
  assets/morefoodthanever/textures/item/cantaloupe_slice.png
  assets/morefoodthanever/textures/item/cardboard.png
  assets/morefoodthanever/textures/item/cayenne_pepper.png
  assets/morefoodthanever/textures/item/center_bun.png
  assets/morefoodthanever/textures/item/cheese.png
  assets/morefoodthanever/textures/item/cheese_bucket.png
  assets/morefoodthanever/textures/item/cherries.png
  assets/morefoodthanever/textures/item/chicken_sushi.png
  assets/morefoodthanever/textures/item/chili_pepper.png
  assets/morefoodthanever/textures/item/choco_late.png
  assets/morefoodthanever/textures/item/chocolate.png
  assets/morefoodthanever/textures/item/chocolate_chips.png
  assets/morefoodthanever/textures/item/chocolate_dough.png
  assets/morefoodthanever/textures/item/chocolate_strawberry.png
  assets/morefoodthanever/textures/item/chocolatechip.png
  assets/morefoodthanever/textures/item/chum_blaster_sbsqao.png
  assets/morefoodthanever/textures/item/chum_bucket.png
  assets/morefoodthanever/textures/item/cocoa_mug.png
  assets/morefoodthanever/textures/item/coconut.png
  assets/morefoodthanever/textures/item/coconut_shell_half.png
  assets/morefoodthanever/textures/item/cod_nigiri.png
  assets/morefoodthanever/textures/item/coffee_beenz.png
  assets/morefoodthanever/textures/item/coffee_mug.png
  assets/morefoodthanever/textures/item/conduit_power.png
  assets/morefoodthanever/textures/item/cooked_pufferfish.png
  assets/morefoodthanever/textures/item/cooked_rice.png
  assets/morefoodthanever/textures/item/cooked_tofu.png
  assets/morefoodthanever/textures/item/cooked_tropical_fish.png
  assets/morefoodthanever/textures/item/cookiedough.png
  assets/morefoodthanever/textures/item/corn.png
  assets/morefoodthanever/textures/item/cracked_wither_skull.png
  assets/morefoodthanever/textures/item/craker.png
  assets/morefoodthanever/textures/item/cranberry.png
  assets/morefoodthanever/textures/item/creaking_bark.png
  assets/morefoodthanever/textures/item/crispy_horse_ribs.png
  assets/morefoodthanever/textures/item/crockpot_spawn_egg.png
  assets/morefoodthanever/textures/item/crunchy_cupcake.png
  assets/morefoodthanever/textures/item/crystallized_honey.png
  assets/morefoodthanever/textures/item/cucumber.png
  assets/morefoodthanever/textures/item/cupcake.png
  assets/morefoodthanever/textures/item/cupcake_layer.png
  assets/morefoodthanever/textures/item/dolphins_grace.png
  assets/morefoodthanever/textures/item/double_axe_omen.png
  assets/morefoodthanever/textures/item/dough2.png
  assets/morefoodthanever/textures/item/dragon_fruit.png
  assets/morefoodthanever/textures/item/dragon_hotpot.png
  assets/morefoodthanever/textures/item/drowned_stew.png
  assets/morefoodthanever/textures/item/dynamite.png
  assets/morefoodthanever/textures/item/elder_guardian_eye.png
  assets/morefoodthanever/textures/item/elder_guardian_sushi.png
  assets/morefoodthanever/textures/item/empty_condiment_bottle.png
  assets/morefoodthanever/textures/item/empty_jar_o_mayo.png
  assets/morefoodthanever/textures/item/empty_raid_omen.png
  assets/morefoodthanever/textures/item/ender_dragon_haunch.png
  assets/morefoodthanever/textures/item/ender_dragon_sushi.png
  assets/morefoodthanever/textures/item/ender_eye_skewer.png
  assets/morefoodthanever/textures/item/ender_eye_sushi.png
  assets/morefoodthanever/textures/item/ender_lemonade.png
  assets/morefoodthanever/textures/item/ender_pearl_sushi.png
  assets/morefoodthanever/textures/item/ender_shell.png
  assets/morefoodthanever/textures/item/ender_spice.png
  assets/morefoodthanever/textures/item/endermite_sushi.png
  assets/morefoodthanever/textures/item/evoker_fang.png
  assets/morefoodthanever/textures/item/evoker_fang_sushi.png
  assets/morefoodthanever/textures/item/flour.png
  assets/morefoodthanever/textures/item/french_fries.png
  assets/morefoodthanever/textures/item/french_fry_box.png
  assets/morefoodthanever/textures/item/fried_bone_chips.png
  assets/morefoodthanever/textures/item/fried_egg.png
  assets/morefoodthanever/textures/item/frozen_patty_sbsqao.png
  assets/morefoodthanever/textures/item/garlic.png
  assets/morefoodthanever/textures/item/garlic_powder.png
  assets/morefoodthanever/textures/item/gelatin.png
  assets/morefoodthanever/textures/item/ghast_cake.png
  assets/morefoodthanever/textures/item/giant_cake_center.png
  assets/morefoodthanever/textures/item/giant_cake_corner.png
  assets/morefoodthanever/textures/item/giant_cake_edge.png
  assets/morefoodthanever/textures/item/giant_smore.png
  assets/morefoodthanever/textures/item/glass_cup.png
  assets/morefoodthanever/textures/item/glazed_illage_skewer.png
  assets/morefoodthanever/textures/item/glow_berry_sushi.png
  assets/morefoodthanever/textures/item/glow_dye_gpa.png
  assets/morefoodthanever/textures/item/glowing_berry_gpa.png
  assets/morefoodthanever/textures/item/glowing_bone_gpa.png
  assets/morefoodthanever/textures/item/glowing_carrot_gpa.png
  assets/morefoodthanever/textures/item/glowing_fish_gpa.png
  assets/morefoodthanever/textures/item/glowing_sushi.png
  assets/morefoodthanever/textures/item/grape.png
  assets/morefoodthanever/textures/item/grapefruit.png
  assets/morefoodthanever/textures/item/grapefruit_sapling.png
  assets/morefoodthanever/textures/item/grapefruit_slice.png
  assets/morefoodthanever/textures/item/green_bean.png
  assets/morefoodthanever/textures/item/green_ham_and_eggs.png
  assets/morefoodthanever/textures/item/green_ham_sushi.png
  assets/morefoodthanever/textures/item/grimace_shake.png
  assets/morefoodthanever/textures/item/guardian_broth.png
  assets/morefoodthanever/textures/item/guardian_eye.png
  assets/morefoodthanever/textures/item/guardian_sushi.png
  assets/morefoodthanever/textures/item/half_of_avocado.png
  assets/morefoodthanever/textures/item/half_of_coconut.png
  assets/morefoodthanever/textures/item/health_boost.png
  assets/morefoodthanever/textures/item/heart_sushi.png
  assets/morefoodthanever/textures/item/hoglin_broth.png
  assets/morefoodthanever/textures/item/hoglin_meat.png
  assets/morefoodthanever/textures/item/hoglin_sushi.png
  assets/morefoodthanever/textures/item/honeydew_slice.png
  assets/morefoodthanever/textures/item/horse_sushi.png
  assets/morefoodthanever/textures/item/hot_chocolate_churro.png
  assets/morefoodthanever/textures/item/hot_dog.png
  assets/morefoodthanever/textures/item/huckleberries.png
  assets/morefoodthanever/textures/item/hunger.png
  assets/morefoodthanever/textures/item/hunger_sushi.png
  assets/morefoodthanever/textures/item/ice_cream_bucket.png
  assets/morefoodthanever/textures/item/ice_cream_cone.png
  assets/morefoodthanever/textures/item/illage_burger.png
  assets/morefoodthanever/textures/item/illager_head.png
  assets/morefoodthanever/textures/item/illager_head_sushi.png
  assets/morefoodthanever/textures/item/illager_shank.png
  assets/morefoodthanever/textures/item/illager_sushi.png
  assets/morefoodthanever/textures/item/inarizushi.png
  assets/morefoodthanever/textures/item/infested.png
  assets/morefoodthanever/textures/item/instant_damage.png
  assets/morefoodthanever/textures/item/instant_damage_sushi.png
  assets/morefoodthanever/textures/item/instant_damage_sushiOLD.png
  assets/morefoodthanever/textures/item/instant_health.png
  assets/morefoodthanever/textures/item/instant_health_sushi.png
  assets/morefoodthanever/textures/item/instant_health_sushiOLD.png
  assets/morefoodthanever/textures/item/invicon_potato_eye.png
  assets/morefoodthanever/textures/item/invicon_salt.png
  assets/morefoodthanever/textures/item/jar_o_mayo.png
  assets/morefoodthanever/textures/item/jelly_jar.png
  assets/morefoodthanever/textures/item/jelly_sbsqao.png
  assets/morefoodthanever/textures/item/jellyfish_sbsqao_spawn_egg.png
  assets/morefoodthanever/textures/item/ketchup.png
  assets/morefoodthanever/textures/item/kiwi.png
  assets/morefoodthanever/textures/item/kiwifruit.png
  assets/morefoodthanever/textures/item/krabby_patty_sbsqao.png
  assets/morefoodthanever/textures/item/lavender.png
  assets/morefoodthanever/textures/item/leather_sushi.png
  assets/morefoodthanever/textures/item/lemon.png
  assets/morefoodthanever/textures/item/lemon_slice.png
  assets/morefoodthanever/textures/item/lettuce.png
  assets/morefoodthanever/textures/item/lime.png
  assets/morefoodthanever/textures/item/lime_slice.png
  assets/morefoodthanever/textures/item/lingonberries.png
  assets/morefoodthanever/textures/item/luck.png
  assets/morefoodthanever/textures/item/magma_cream_cob.png
  assets/morefoodthanever/textures/item/makizushi.png
  assets/morefoodthanever/textures/item/mango.png
  assets/morefoodthanever/textures/item/marshmallow.png
  assets/morefoodthanever/textures/item/marshmallow_stick.png
  assets/morefoodthanever/textures/item/marshmallow_stick_burned.png
  assets/morefoodthanever/textures/item/marshmallow_stick_on_fire.png
  assets/morefoodthanever/textures/item/marshmallow_stick_roast.png
  assets/morefoodthanever/textures/item/mayo_wrapper.png
  assets/morefoodthanever/textures/item/mayonnaise_sbsqao.png
  assets/morefoodthanever/textures/item/mcnuggets.png
  assets/morefoodthanever/textures/item/medium_burger_crystal.png
  assets/morefoodthanever/textures/item/mochi.png
  assets/morefoodthanever/textures/item/moviesprite_tater-tot.png
  assets/morefoodthanever/textures/item/mug.png
  assets/morefoodthanever/textures/item/mummy_sushi.png
  assets/morefoodthanever/textures/item/mummy_wrap.png
  assets/morefoodthanever/textures/item/mustard.png
  assets/morefoodthanever/textures/item/mustard_seeds.png
  assets/morefoodthanever/textures/item/mutton_sushi.png
  assets/morefoodthanever/textures/item/nacho.png
  assets/morefoodthanever/textures/item/narezushi.png
  assets/morefoodthanever/textures/item/nausea.png
  assets/morefoodthanever/textures/item/nether_flame_sauce.png
  assets/morefoodthanever/textures/item/nether_spice.png
  assets/morefoodthanever/textures/item/night_vision.png
  assets/morefoodthanever/textures/item/night_vision_sushi_moon.png
  assets/morefoodthanever/textures/item/night_vision_sushi_nomoon.png
  assets/morefoodthanever/textures/item/nightmare_boba_tea.png
  assets/morefoodthanever/textures/item/oakmoss.png
  assets/morefoodthanever/textures/item/olive_fruit.png
  assets/morefoodthanever/textures/item/ominous_berry_pie.png
  assets/morefoodthanever/textures/item/ominous_spice.png
  assets/morefoodthanever/textures/item/onion.png
  assets/morefoodthanever/textures/item/onion_powder.png
  assets/morefoodthanever/textures/item/oozing.png
  assets/morefoodthanever/textures/item/orange.png
  assets/morefoodthanever/textures/item/orange_slice.png
  assets/morefoodthanever/textures/item/oshizushi.png
  assets/morefoodthanever/textures/item/pancake.png
  assets/morefoodthanever/textures/item/paprika.png
  assets/morefoodthanever/textures/item/patty.png
  assets/morefoodthanever/textures/item/peach.png
  assets/morefoodthanever/textures/item/peanut.png
  assets/morefoodthanever/textures/item/pear.png
  assets/morefoodthanever/textures/item/pepper.png
  assets/morefoodthanever/textures/item/pepperoni.png
  assets/morefoodthanever/textures/item/piglin_nose.png
  assets/morefoodthanever/textures/item/piglin_pizza.png
  assets/morefoodthanever/textures/item/pine_cone.png
  assets/morefoodthanever/textures/item/pine_oil.png
  assets/morefoodthanever/textures/item/pineapple.png
  assets/morefoodthanever/textures/item/pineapple_seeds.png
  assets/morefoodthanever/textures/item/pizza_crust.png
  assets/morefoodthanever/textures/item/pizza_sbsqao.png
  assets/morefoodthanever/textures/item/plain_pancakes.png
  assets/morefoodthanever/textures/item/plastic.png
  assets/morefoodthanever/textures/item/plum.png
  assets/morefoodthanever/textures/item/poison_caring.png
  assets/morefoodthanever/textures/item/poisoned_cream_cone.png
  assets/morefoodthanever/textures/item/pomegranate.png
  assets/morefoodthanever/textures/item/popcorn.png
  assets/morefoodthanever/textures/item/pork_sushi.png
  assets/morefoodthanever/textures/item/potato_eye_sushi.png
  assets/morefoodthanever/textures/item/potatostew.png
  assets/morefoodthanever/textures/item/ppnubs.png
  assets/morefoodthanever/textures/item/ppstew.png
  assets/morefoodthanever/textures/item/prickly_pear.png
  assets/morefoodthanever/textures/item/pufferfish_sushi.png
  assets/morefoodthanever/textures/item/rabbit_sushi.png
  assets/morefoodthanever/textures/item/raid_omen.png
  assets/morefoodthanever/textures/item/raspberry.png
  assets/morefoodthanever/textures/item/ravager_haunch.png
  assets/morefoodthanever/textures/item/ravager_steak.png
  assets/morefoodthanever/textures/item/ravager_sushi.png
  assets/morefoodthanever/textures/item/raw_bottom_bun.png
  assets/morefoodthanever/textures/item/raw_burger_bun.png
  assets/morefoodthanever/textures/item/raw_center_bun.png
  assets/morefoodthanever/textures/item/raw_choco_dough.png
  assets/morefoodthanever/textures/item/raw_cracker.png
  assets/morefoodthanever/textures/item/raw_pancakes.png
  assets/morefoodthanever/textures/item/raw_patty.png
  assets/morefoodthanever/textures/item/raw_pizza.png
  assets/morefoodthanever/textures/item/raw_sesame.png
  assets/morefoodthanever/textures/item/raw_waffle.png
  assets/morefoodthanever/textures/item/red_plastic.png
  assets/morefoodthanever/textures/item/regeneration.png
  assets/morefoodthanever/textures/item/rice.png
  assets/morefoodthanever/textures/item/rotten_flesh_sushi.png
  assets/morefoodthanever/textures/item/rotten_nosemallow.png
  assets/morefoodthanever/textures/item/rotten_rib_sushi.png
  assets/morefoodthanever/textures/item/rotten_ribs.png
  assets/morefoodthanever/textures/item/salmon_nigiri.png
  assets/morefoodthanever/textures/item/salmon_sushi.png
  assets/morefoodthanever/textures/item/salt_pepper.png
  assets/morefoodthanever/textures/item/saturation.png
  assets/morefoodthanever/textures/item/sauce_portion.png
  assets/morefoodthanever/textures/item/sea_sushi.png
  assets/morefoodthanever/textures/item/seaweed.png
  assets/morefoodthanever/textures/item/sesame_seeds.png
  assets/morefoodthanever/textures/item/shulker_goo.png
  assets/morefoodthanever/textures/item/shulker_spaghetti.png
  assets/morefoodthanever/textures/item/silver_seafood.png
  assets/morefoodthanever/textures/item/silverfish_shell.png
  assets/morefoodthanever/textures/item/silverfish_sushi.png
  assets/morefoodthanever/textures/item/slime_stew.png
  assets/morefoodthanever/textures/item/small_burger_crystal.png
  assets/morefoodthanever/textures/item/smore.png
  assets/morefoodthanever/textures/item/smore_burned.png
  assets/morefoodthanever/textures/item/smore_uncooked.png
  assets/morefoodthanever/textures/item/smore_welld.png
  assets/morefoodthanever/textures/item/soda_breeze.png
  assets/morefoodthanever/textures/item/soda_potion.png
  assets/morefoodthanever/textures/item/soul_flask.png
  assets/morefoodthanever/textures/item/soul_slorp.png
  assets/morefoodthanever/textures/item/sour_berries.png
  assets/morefoodthanever/textures/item/soybean_pod.png
  assets/morefoodthanever/textures/item/soybeanpod2.png
  assets/morefoodthanever/textures/item/soybeans.png
  assets/morefoodthanever/textures/item/sprouted_poisonous_potato_nubs.png
  assets/morefoodthanever/textures/item/straw.png
  assets/morefoodthanever/textures/item/strawberry.png
  assets/morefoodthanever/textures/item/stuffed_endermite.png
  assets/morefoodthanever/textures/item/stuffed_stump.png
  assets/morefoodthanever/textures/item/sugarsalt.png
  assets/morefoodthanever/textures/item/sushi_rice.png
  assets/morefoodthanever/textures/item/swamp_latte.png
  assets/morefoodthanever/textures/item/sweet_berry_sushi.png
  assets/morefoodthanever/textures/item/sweetberry.png
  assets/morefoodthanever/textures/item/tea_leaves.png
  assets/morefoodthanever/textures/item/tofu.png
  assets/morefoodthanever/textures/item/tomato.png
  assets/morefoodthanever/textures/item/tomato_paste.png
  assets/morefoodthanever/textures/item/tonka.png
  assets/morefoodthanever/textures/item/top_bun.png
  assets/morefoodthanever/textures/item/top_sesame_bun.png
  assets/morefoodthanever/textures/item/tortila.png
  assets/morefoodthanever/textures/item/tortilla.png
  assets/morefoodthanever/textures/item/tortilla_chip.png
  assets/morefoodthanever/textures/item/tropical_fish_nigiri.png
  assets/morefoodthanever/textures/item/tropical_fish_sushi.png
  assets/morefoodthanever/textures/item/turmeric.png
  assets/morefoodthanever/textures/item/turnip.png
  assets/morefoodthanever/textures/item/unluck.png
  assets/morefoodthanever/textures/item/vanilla.png
  assets/morefoodthanever/textures/item/vegetable_oil.png
  assets/morefoodthanever/textures/item/vex_wing.png
  assets/morefoodthanever/textures/item/vexed_sandwich.png
  assets/morefoodthanever/textures/item/vinegar.png
  assets/morefoodthanever/textures/item/waffle.png
  assets/morefoodthanever/textures/item/walnut.png
  assets/morefoodthanever/textures/item/warden_cake.png
  assets/morefoodthanever/textures/item/warden_horn.png
  assets/morefoodthanever/textures/item/weaving.png
  assets/morefoodthanever/textures/item/weaving_spider.png
  assets/morefoodthanever/textures/item/webbed_cream_cone.png
  assets/morefoodthanever/textures/item/winter_sushi.png
  assets/morefoodthanever/textures/item/winter_wrap.png
  assets/morefoodthanever/textures/item/wither.png
  assets/morefoodthanever/textures/item/wither_heart_sushi.png
  assets/morefoodthanever/textures/item/wither_skull_sub.png
  assets/morefoodthanever/textures/item/withered_bone.png
  assets/morefoodthanever/textures/item/withered_bonedog.png
  assets/morefoodthanever/textures/item/yeast.png
  assets/morefoodthanever/textures/item/yellow_plastic.png
  assets/morefoodthanever/textures/item/ylangylang.png
  assets/morefoodthanever/textures/item/zombie_haunch.png
  assets/morefoodthanever/textures/screens/
  assets/morefoodthanever/textures/screens/fridge_gui.png
  com/
  com/vladplay/
  com/vladplay/mfte/
  com/vladplay/mfte/MorefoodthaneverMod.class
  com/vladplay/mfte/block/
  com/vladplay/mfte/block/BenzoinSaplingBlock.class
  com/vladplay/mfte/block/CantaloupeBlock.class
  com/vladplay/mfte/block/CantaloupePlantBlock.class
  com/vladplay/mfte/block/DeepslatePlasticOreBlock.class
  com/vladplay/mfte/block/GrapefruitSaplingBlock.class
  com/vladplay/mfte/block/HoneydewBlock.class
  com/vladplay/mfte/block/HoneydewPlantBlock.class
  com/vladplay/mfte/block/LavenderSaplingBlock.class
  com/vladplay/mfte/block/LemonSaplingBlock.class
  com/vladplay/mfte/block/LimeSaplingBlock.class
  com/vladplay/mfte/block/MintSaplingBlock.class
  com/vladplay/mfte/block/OakmossSaplingBlock.class
  com/vladplay/mfte/block/OrangeSaplingBlock.class
  com/vladplay/mfte/block/PineOilSaplingBlock.class
  com/vladplay/mfte/block/PlasticOreBlock.class
  com/vladplay/mfte/block/RicePanicleBlock.class
  com/vladplay/mfte/block/SourBerryBushBlock.class
  com/vladplay/mfte/block/TonkaSaplingBlock.class
  com/vladplay/mfte/block/WaxBlockBlock.class
  com/vladplay/mfte/block/YlangYlangSaplingBlock.class
  com/vladplay/mfte/client/
  com/vladplay/mfte/client/gui/
  com/vladplay/mfte/client/gui/FridgeGUIScreen.class
  com/vladplay/mfte/init/
  com/vladplay/mfte/init/MorefoodthaneverModBlocks.class
  com/vladplay/mfte/init/MorefoodthaneverModItems.class
  com/vladplay/mfte/init/MorefoodthaneverModMenus$MenuAccessor.class
  com/vladplay/mfte/init/MorefoodthaneverModMenus.class
  com/vladplay/mfte/init/MorefoodthaneverModPotions.class
  com/vladplay/mfte/init/MorefoodthaneverModScreens$ScreenAccessor.class
  com/vladplay/mfte/init/MorefoodthaneverModScreens.class
  com/vladplay/mfte/init/MorefoodthaneverModTabs.class
  com/vladplay/mfte/init/MorefoodthaneverModTrades.class
  com/vladplay/mfte/item/
  com/vladplay/mfte/item/AcornItem.class
  com/vladplay/mfte/item/ActualChocolateItem.class
  com/vladplay/mfte/item/AvocadoHalfItem.class
  com/vladplay/mfte/item/AvocadoItem.class
  com/vladplay/mfte/item/AvocadoPeelHalfItem.class
  com/vladplay/mfte/item/AvocadoPeelItem.class
  com/vladplay/mfte/item/BadLuckCloverItem.class
  com/vladplay/mfte/item/BakedPoisonousPotatoItem.class
  com/vladplay/mfte/item/BananaItem.class
  com/vladplay/mfte/item/BatterBowlItem.class
  com/vladplay/mfte/item/BatteredBreezeBallsItem.class
  com/vladplay/mfte/item/BeefSushiItem.class
  com/vladplay/mfte/item/BellPepperItem.class
  com/vladplay/mfte/item/BenzoinItem.class
  com/vladplay/mfte/item/BigMacItem.class
  com/vladplay/mfte/item/BigMacSauceItem.class
  com/vladplay/mfte/item/BiscuitItem.class
  com/vladplay/mfte/item/BlackPlasticItem.class
  com/vladplay/mfte/item/BlackberryItem.class
  com/vladplay/mfte/item/BlazeCocoaItem.class
  com/vladplay/mfte/item/BlindnessEyeItem.class
  com/vladplay/mfte/item/BlindnessSushiItem.class
  com/vladplay/mfte/item/BluePlasticItem.class
  com/vladplay/mfte/item/BlueberriesItem.class
  com/vladplay/mfte/item/BoggedMossItem.class
  com/vladplay/mfte/item/BoggedStewItem.class
  com/vladplay/mfte/item/BoneShakeItem.class
  com/vladplay/mfte/item/BoomstickPopsicleItem.class
  com/vladplay/mfte/item/BottomBunItem.class
  com/vladplay/mfte/item/BrainJuiceItem.class
  com/vladplay/mfte/item/BrainSushiItem.class
  com/vladplay/mfte/item/BreezeSushiItem.class
  com/vladplay/mfte/item/BurgerCrystalItem.class
  com/vladplay/mfte/item/BurntMarshmallowStickItem.class
  com/vladplay/mfte/item/BurntSmoreItem.class
  com/vladplay/mfte/item/ButterItem.class
  com/vladplay/mfte/item/ButteredPancakesItem.class
  com/vladplay/mfte/item/CacaoButterBottleItem.class
  com/vladplay/mfte/item/CacaoButterItem.class
  com/vladplay/mfte/item/CakeLayerItem.class
  com/vladplay/mfte/item/CakeSliceItem.class
  com/vladplay/mfte/item/CandyItem.class
  com/vladplay/mfte/item/CandyWrapperItem.class
  com/vladplay/mfte/item/CantaloupeSliceItem.class
  com/vladplay/mfte/item/CardboardItem.class
  com/vladplay/mfte/item/CaringHeartItem.class
  com/vladplay/mfte/item/CayennePepperItem.class
  com/vladplay/mfte/item/CedarwoodItem.class
  com/vladplay/mfte/item/CenterBunItem.class
  com/vladplay/mfte/item/CheeseBucketItem.class
  com/vladplay/mfte/item/CheeseItem.class
  com/vladplay/mfte/item/CherriesItem.class
  com/vladplay/mfte/item/ChickenSushiItem.class
  com/vladplay/mfte/item/ChiliPepperItem.class
  com/vladplay/mfte/item/ChocolateChipItem.class
  com/vladplay/mfte/item/ChocolateDoughItem.class
  com/vladplay/mfte/item/ChocolateItem.class
  com/vladplay/mfte/item/ChocolateStrawberryItem.class
  com/vladplay/mfte/item/ChumBucketItem.class
  com/vladplay/mfte/item/CocoaMugItem.class
  com/vladplay/mfte/item/CoconutHalfItem.class
  com/vladplay/mfte/item/CoconutItem.class
  com/vladplay/mfte/item/CoconutShellHalfItem.class
  com/vladplay/mfte/item/CoconutShellItem.class
  com/vladplay/mfte/item/CodSushiItem.class
  com/vladplay/mfte/item/CoffeeBeansItem.class
  com/vladplay/mfte/item/CoffeeMugItem.class
  com/vladplay/mfte/item/ConduitPowerHOTSItem.class
  com/vladplay/mfte/item/ConsumableSugarCaneItem.class
  com/vladplay/mfte/item/ConsumableSugarItem.class
  com/vladplay/mfte/item/CookedPufferfishItem.class
  com/vladplay/mfte/item/CookedPufferfishSushiItem.class
  com/vladplay/mfte/item/CookedSoybeansItem.class
  com/vladplay/mfte/item/CookedTofuItem.class
  com/vladplay/mfte/item/CookedTropicalFishItem.class
  com/vladplay/mfte/item/CookieDoughItem.class
  com/vladplay/mfte/item/CornItem.class
  com/vladplay/mfte/item/CornStarchItem.class
  com/vladplay/mfte/item/CrackedWitherSkullItem.class
  com/vladplay/mfte/item/CranberriesItem.class
  com/vladplay/mfte/item/CreakingBarkItem.class
  com/vladplay/mfte/item/CreamBucketItem.class
  com/vladplay/mfte/item/CrispyHorseRibsItem.class
  com/vladplay/mfte/item/CrispyHorseSushiItem.class
  com/vladplay/mfte/item/CrunchyCupcakeItem.class
  com/vladplay/mfte/item/CrystallizedHoneyItem.class
  com/vladplay/mfte/item/CucumberItem.class
  com/vladplay/mfte/item/CupcakeItem.class
  com/vladplay/mfte/item/CupcakeLayerItem.class
  com/vladplay/mfte/item/DolphinItem.class
  com/vladplay/mfte/item/DoughItem.class
  com/vladplay/mfte/item/DragonHotpotItem.class
  com/vladplay/mfte/item/DrinkableWaterBucketItem.class
  com/vladplay/mfte/item/DrownedStewItem.class
  com/vladplay/mfte/item/DynamiteItem.class
  com/vladplay/mfte/item/EdibleBeetrootSeedsItem.class
  com/vladplay/mfte/item/EdibleCocoaBeansItem.class
  com/vladplay/mfte/item/EdibleEggItem.class
  com/vladplay/mfte/item/EdibleHoneycombItem.class
  com/vladplay/mfte/item/EdibleKelpItem.class
  com/vladplay/mfte/item/EdibleMelonSeedsItem.class
  com/vladplay/mfte/item/EdibleNetherWartItem.class
  com/vladplay/mfte/item/EdiblePowderSnowBucketItem.class
  com/vladplay/mfte/item/EdiblePumpkinSeedsItem.class
  com/vladplay/mfte/item/EdibleSnowballItem.class
  com/vladplay/mfte/item/EdibleTurtleEggItem.class
  com/vladplay/mfte/item/EdibleWheatSeedsItem.class
  com/vladplay/mfte/item/EggShellItem.class
  com/vladplay/mfte/item/ElderGuardianEyeItem.class
  com/vladplay/mfte/item/ElderGuardianSushiItem.class
  com/vladplay/mfte/item/EmptyMayoJarItem.class
  com/vladplay/mfte/item/EmptyRaidOmenItem.class
  com/vladplay/mfte/item/EmptySoybeanPodItem.class
  com/vladplay/mfte/item/EnderDragonHaunchItem.class
  com/vladplay/mfte/item/EnderDragonSushiItem.class
  com/vladplay/mfte/item/EnderEyeSkewerItem.class
  com/vladplay/mfte/item/EnderEyeSushiItem.class
  com/vladplay/mfte/item/EnderLemonadeItem.class
  com/vladplay/mfte/item/EnderPearlSushiItem.class
  com/vladplay/mfte/item/EnderShellItem.class
  com/vladplay/mfte/item/EnderSpiceItem.class
  com/vladplay/mfte/item/EndermiteSushiItem.class
  com/vladplay/mfte/item/EvokerFangItem.class
  com/vladplay/mfte/item/EvokerFangSushiItem.class
  com/vladplay/mfte/item/ExpiredMilkItem.class
  com/vladplay/mfte/item/FlourItem.class
  com/vladplay/mfte/item/FrenchFriesItem.class
  com/vladplay/mfte/item/FrenchFryBoxItem.class
  com/vladplay/mfte/item/FriedBoneChipsItem.class
  com/vladplay/mfte/item/FriedEggItem.class
  com/vladplay/mfte/item/FrozenPattyBoxItem.class
  com/vladplay/mfte/item/FrozenPattyItem.class
  com/vladplay/mfte/item/GarlicItem.class
  com/vladplay/mfte/item/GarlicPowderItem.class
  com/vladplay/mfte/item/GelatinItem.class
  com/vladplay/mfte/item/GhostCakeItem.class
  com/vladplay/mfte/item/GiantSmoreItem.class
  com/vladplay/mfte/item/GlassCupItem.class
  com/vladplay/mfte/item/GlazedIllageSkewerItem.class
  com/vladplay/mfte/item/GlowDyeItem.class
  com/vladplay/mfte/item/GlowingBerryItem.class
  com/vladplay/mfte/item/GlowingBoneItem.class
  com/vladplay/mfte/item/GlowingCarrotItem.class
  com/vladplay/mfte/item/GlowingFishItem.class
  com/vladplay/mfte/item/GlowingFishSushiItem.class
  com/vladplay/mfte/item/GrapefruitItem.class
  com/vladplay/mfte/item/GrapefruitSliceItem.class
  com/vladplay/mfte/item/GrapesItem.class
  com/vladplay/mfte/item/GreenBeanItem.class
  com/vladplay/mfte/item/GreenHamAndEggsItem.class
  com/vladplay/mfte/item/GreenHamSushiItem.class
  com/vladplay/mfte/item/GrimaceShakeItem.class
  com/vladplay/mfte/item/GuardianBrothItem.class
  com/vladplay/mfte/item/GuardianEyeItem.class
  com/vladplay/mfte/item/GuardianSushiItem.class
  com/vladplay/mfte/item/HealthBoostHeartItem.class
  com/vladplay/mfte/item/HoglinBrothItem.class
  com/vladplay/mfte/item/HoglinMeatItem.class
  com/vladplay/mfte/item/HoglinSushiItem.class
  com/vladplay/mfte/item/HoneydewSliceItem.class
  com/vladplay/mfte/item/HotChocolateChurroItem.class
  com/vladplay/mfte/item/HuckleberriesItem.class
  com/vladplay/mfte/item/HungerHaunchItem.class
  com/vladplay/mfte/item/HungerSushiItem.class
  com/vladplay/mfte/item/IceCreamBucketItem.class
  com/vladplay/mfte/item/IllageBurgerItem.class
  com/vladplay/mfte/item/IllagerShankItem.class
  com/vladplay/mfte/item/IllagerSushiItem.class
  com/vladplay/mfte/item/InfestedSilverfishItem.class
  com/vladplay/mfte/item/InstantCakeItem.class
  com/vladplay/mfte/item/InstantDamageHeartItem.class
  com/vladplay/mfte/item/InstantDamageSushiItem.class
  com/vladplay/mfte/item/InstantHealthHeartItem.class
  com/vladplay/mfte/item/InstantHealthSushiItem.class
  com/vladplay/mfte/item/JellyJarItem.class
  com/vladplay/mfte/item/JellyfishItem.class
  com/vladplay/mfte/item/JellyfishJellyItem.class
  com/vladplay/mfte/item/KetchupBottleItem.class
  com/vladplay/mfte/item/KiwiItem.class
  com/vladplay/mfte/item/KiwifruitItem.class
  com/vladplay/mfte/item/KrabbyPattyItem.class
  com/vladplay/mfte/item/KrabbyPizzaItem.class
  com/vladplay/mfte/item/LavaChickenItem.class
  com/vladplay/mfte/item/LavenderItem.class
  com/vladplay/mfte/item/LeatherSushiItem.class
  com/vladplay/mfte/item/LemonItem.class
  com/vladplay/mfte/item/LemonSliceItem.class
  com/vladplay/mfte/item/LettuceItem.class
  com/vladplay/mfte/item/LimeItem.class
  com/vladplay/mfte/item/LimeSliceItem.class
  com/vladplay/mfte/item/LingonberriesItem.class
  com/vladplay/mfte/item/LuckCloverItem.class
  com/vladplay/mfte/item/MagmaCreamCobItem.class
  com/vladplay/mfte/item/MakizushiRiceItem.class
  com/vladplay/mfte/item/MangoItem.class
  com/vladplay/mfte/item/MangoSkinItem.class
  com/vladplay/mfte/item/MarshmallowItem.class
  com/vladplay/mfte/item/MarshmallowStickItem.class
  com/vladplay/mfte/item/MayonnaiseJarItem.class
  com/vladplay/mfte/item/MayonnaiseLabelItem.class
  com/vladplay/mfte/item/McNuggetsItem.class
  com/vladplay/mfte/item/MeatPattyItem.class
  com/vladplay/mfte/item/MintItem.class
  com/vladplay/mfte/item/MochiItem.class
  com/vladplay/mfte/item/MugItem.class
  com/vladplay/mfte/item/MummySushiItem.class
  com/vladplay/mfte/item/MummyWrapItem.class
  com/vladplay/mfte/item/MustardBottleItem.class
  com/vladplay/mfte/item/MustardSeedsItem.class
  com/vladplay/mfte/item/MuttonSushiItem.class
  com/vladplay/mfte/item/NachoItem.class
  com/vladplay/mfte/item/NarezushiRiceItem.class
  com/vladplay/mfte/item/NauseaStomachItem.class
  com/vladplay/mfte/item/NauseaSushiItem.class
  com/vladplay/mfte/item/NautilusItem.class
  com/vladplay/mfte/item/NetherFlameSauceItem.class
  com/vladplay/mfte/item/NetherSpiceItem.class
  com/vladplay/mfte/item/NightVisionEyeItem.class
  com/vladplay/mfte/item/NightVisionSushiItem.class
  com/vladplay/mfte/item/NightmareBobaTeaItem.class
  com/vladplay/mfte/item/OakmossItem.class
  com/vladplay/mfte/item/OilBottleItem.class
  com/vladplay/mfte/item/OlivesItem.class
  com/vladplay/mfte/item/OminousBerryPieItem.class
  com/vladplay/mfte/item/OminousSpiceItem.class
  com/vladplay/mfte/item/OnionItem.class
  com/vladplay/mfte/item/OnionPowderItem.class
  com/vladplay/mfte/item/OozingSlimeItem.class
  com/vladplay/mfte/item/OrangeItem.class
  com/vladplay/mfte/item/OrangeSliceItem.class
  com/vladplay/mfte/item/OshizushiRiceItem.class
  com/vladplay/mfte/item/PancakesItem.class
  com/vladplay/mfte/item/PaprikaItem.class
  com/vladplay/mfte/item/PattyItem.class
  com/vladplay/mfte/item/PeachItem.class
  com/vladplay/mfte/item/PeanutItem.class
  com/vladplay/mfte/item/PeanutShellItem.class
  com/vladplay/mfte/item/PearItem.class
  com/vladplay/mfte/item/PepperItem.class
  com/vladplay/mfte/item/PepperoniItem.class
  com/vladplay/mfte/item/PiglinNoseItem.class
  com/vladplay/mfte/item/PiglinNoseSushiItem.class
  com/vladplay/mfte/item/PiglinPizzaItem.class
  com/vladplay/mfte/item/PineConeItem.class
  com/vladplay/mfte/item/PineOilItem.class
  com/vladplay/mfte/item/PineappleItem.class
  com/vladplay/mfte/item/PineapplePeelItem.class
  com/vladplay/mfte/item/PineappleSeedsItem.class
  com/vladplay/mfte/item/PitahayaItem.class
  com/vladplay/mfte/item/PitahayaPeelItem.class
  com/vladplay/mfte/item/PizzaCrustItem.class
  com/vladplay/mfte/item/PlasticCondimentBottleItem.class
  com/vladplay/mfte/item/PlasticItem.class
  com/vladplay/mfte/item/PlumItem.class
  com/vladplay/mfte/item/PoisonedCreamConeItem.class
  com/vladplay/mfte/item/PoisonousPotatoNubsItem.class
  com/vladplay/mfte/item/PoisonousPotatoStewItem.class
  com/vladplay/mfte/item/PomegranateItem.class
  com/vladplay/mfte/item/PorkSushiItem.class
  com/vladplay/mfte/item/PotatoEyeItem.class
  com/vladplay/mfte/item/PotatoEyeSushiItem.class
  com/vladplay/mfte/item/PotatoStewItem.class
  com/vladplay/mfte/item/PricklyPearItem.class
  com/vladplay/mfte/item/PufferfishSushiItem.class
  com/vladplay/mfte/item/RabbitSushiItem.class
  com/vladplay/mfte/item/RaidOmenHeadItem.class
  com/vladplay/mfte/item/RaspberryItem.class
  com/vladplay/mfte/item/RavagerHaunchItem.class
  com/vladplay/mfte/item/RavagerSteakItem.class
  com/vladplay/mfte/item/RavagerSushiItem.class
  com/vladplay/mfte/item/RawBiscuitItem.class
  com/vladplay/mfte/item/RawBottomBunItem.class
  com/vladplay/mfte/item/RawBunItem.class
  com/vladplay/mfte/item/RawCenterBunItem.class
  com/vladplay/mfte/item/RawKrabbyPizzaItem.class
  com/vladplay/mfte/item/RawMeatPattyItem.class
  com/vladplay/mfte/item/RawPancakesItem.class
  com/vladplay/mfte/item/RawPattyItem.class
  com/vladplay/mfte/item/RawSesameBunItem.class
  com/vladplay/mfte/item/RawTofuItem.class
  com/vladplay/mfte/item/RawTortillaItem.class
  com/vladplay/mfte/item/RawWaffleItem.class
  com/vladplay/mfte/item/RedPlasticItem.class
  com/vladplay/mfte/item/RegenerationHeartItem.class
  com/vladplay/mfte/item/RegenerationSushiItem.class
  com/vladplay/mfte/item/RiceBowlItem.class
  com/vladplay/mfte/item/RiceItem.class
  com/vladplay/mfte/item/RoastedMarshmallowStickItem.class
  com/vladplay/mfte/item/RoastedSmoreItem.class
  com/vladplay/mfte/item/RottenFleshSushiItem.class
  com/vladplay/mfte/item/RottenNosemallowItem.class
  com/vladplay/mfte/item/RottenRibSushiItem.class
  com/vladplay/mfte/item/RottenRibsItem.class
  com/vladplay/mfte/item/SalmonSushiItem.class
  com/vladplay/mfte/item/SaltItem.class
  com/vladplay/mfte/item/SaltPepperItem.class
  com/vladplay/mfte/item/SaltSugarItem.class
  com/vladplay/mfte/item/SaturationHaunchItem.class
  com/vladplay/mfte/item/SauceContainerItem.class
  com/vladplay/mfte/item/SeaSushiItem.class
  com/vladplay/mfte/item/SeaweedItem.class
  com/vladplay/mfte/item/SesameBunItem.class
  com/vladplay/mfte/item/SesameSeedsItem.class
  com/vladplay/mfte/item/ShulkerGooItem.class
  com/vladplay/mfte/item/ShulkerSpaghettiItem.class
  com/vladplay/mfte/item/SilverSeafoodItem.class
  com/vladplay/mfte/item/SilverfishShellItem.class
  com/vladplay/mfte/item/SilverfishSushiItem.class
  com/vladplay/mfte/item/SlimeStewItem.class
  com/vladplay/mfte/item/SmoreItem.class
  com/vladplay/mfte/item/SodaBreezeItem.class
  com/vladplay/mfte/item/SodaPotionItem.class
  com/vladplay/mfte/item/SoulFlaskItem.class
  com/vladplay/mfte/item/SoulSlorpItem.class
  com/vladplay/mfte/item/SourBerriesItem.class
  com/vladplay/mfte/item/SoyMilkItem.class
  com/vladplay/mfte/item/SoybeanPodItem.class
  com/vladplay/mfte/item/SoybeansItem.class
  com/vladplay/mfte/item/SpiderEyeSushiItem.class
  com/vladplay/mfte/item/StickyRiceItem.class
  com/vladplay/mfte/item/StrawItem.class
  com/vladplay/mfte/item/StrawberryItem.class
  com/vladplay/mfte/item/StuffedEndermiteItem.class
  com/vladplay/mfte/item/StuffedStumpItem.class
  com/vladplay/mfte/item/SushiRiceItem.class
  com/vladplay/mfte/item/SwampLatteItem.class
  com/vladplay/mfte/item/SweetBerryBottleItem.class
  com/vladplay/mfte/item/SweetBerryItem.class
  com/vladplay/mfte/item/TaterTotsItem.class
  com/vladplay/mfte/item/TeaLeavesItem.class
  com/vladplay/mfte/item/TomatoItem.class
  com/vladplay/mfte/item/TomatoPasteItem.class
  com/vladplay/mfte/item/TonkaItem.class
  com/vladplay/mfte/item/TopBunItem.class
  com/vladplay/mfte/item/TortillaChipItem.class
  com/vladplay/mfte/item/TortillaItem.class
  com/vladplay/mfte/item/TropicalFishSushiItem.class
  com/vladplay/mfte/item/TurmericItem.class
  com/vladplay/mfte/item/TurnipItem.class
  com/vladplay/mfte/item/TurtleEggShellItem.class
  com/vladplay/mfte/item/VanillaItem.class
  com/vladplay/mfte/item/VexWingItem.class
  com/vladplay/mfte/item/VexedSandwichItem.class
  com/vladplay/mfte/item/VinegarBottleItem.class
  com/vladplay/mfte/item/WaffleConeItem.class
  com/vladplay/mfte/item/WaffleItem.class
  com/vladplay/mfte/item/WalnutItem.class
  com/vladplay/mfte/item/WalnutShellItem.class
  com/vladplay/mfte/item/WardenCakeItem.class
  com/vladplay/mfte/item/WardenHornItem.class
  com/vladplay/mfte/item/WeavingSpiderItem.class
  com/vladplay/mfte/item/WebbedCreamConeItem.class
  com/vladplay/mfte/item/WelldoneMarshmallowItem.class
  com/vladplay/mfte/item/WelldoneSmoreItem.class
  com/vladplay/mfte/item/WinterSushiItem.class
  com/vladplay/mfte/item/WinterWrapItem.class
  com/vladplay/mfte/item/WitherHeartItem.class
  com/vladplay/mfte/item/WitherHeartSushiItem.class
  com/vladplay/mfte/item/WitherSkullSubItem.class
  com/vladplay/mfte/item/WitheredBoneItem.class
  com/vladplay/mfte/item/WitheredBonedogItem.class
  com/vladplay/mfte/item/YeastItem.class
  com/vladplay/mfte/item/YellowPlasticItem.class
  com/vladplay/mfte/item/YlangYlangItem.class
  com/vladplay/mfte/item/ZombieHaunchItem.class
  com/vladplay/mfte/network/
  com/vladplay/mfte/network/MenuStateUpdateMessage.class
  com/vladplay/mfte/procedures/
  com/vladplay/mfte/procedures/BakedPoisonousPotatoPlayerFinishesUsingItemProcedure.class
  com/vladplay/mfte/procedures/ButterPlayerFinishesUsingItemProcedure.class
  com/vladplay/mfte/procedures/CandyPlayerFinishesUsingItemProcedure.class
  com/vladplay/mfte/procedures/CantaloupePlantAdditionalPlacinggrowthConditionProcedure.class
  com/vladplay/mfte/procedures/ChiliPepperPlayerFinishesUsingItemProcedure.class
  com/vladplay/mfte/procedures/ChocolateDoughPlayerFinishesUsingItemProcedure.class
  com/vladplay/mfte/procedures/CookieDoughPlayerFinishesUsingItemProcedure.class
  com/vladplay/mfte/procedures/DoughPlayerFinishesUsingItemProcedure.class
  com/vladplay/mfte/procedures/ElderGuardianEyePlayerFinishesUsingItemProcedure.class
  com/vladplay/mfte/procedures/HoneydewPlantAdditionalPlacinggrowthConditionProcedure.class
  com/vladplay/mfte/procedures/JellyfishPlayerFinishesUsingItemProcedure.class
  com/vladplay/mfte/procedures/LavaChickenPlayerFinishesUsingItemProcedure.class
  com/vladplay/mfte/procedures/PufferfishSushiPlayerFinishesUsingItemProcedure.class
  com/vladplay/mfte/procedures/SodaPotionPlayerFinishesUsingItemProcedure.class
  com/vladplay/mfte/procedures/ZombieHaunchPlayerFinishesUsingItemProcedure.class
  com/vladplay/mfte/recipes/
  com/vladplay/mfte/recipes/brewing/
  com/vladplay/mfte/recipes/brewing/CacaoButterBottlBrewingRecipe.class
  com/vladplay/mfte/recipes/brewing/CoffeeBrewBrewingRecipe.class
  com/vladplay/mfte/recipes/brewing/JuiceBrewBrewingRecipe.class
  com/vladplay/mfte/recipes/brewing/KetchupBrewBrewingRecipe.class
  com/vladplay/mfte/recipes/brewing/MustardBrewBrewingRecipe.class
  com/vladplay/mfte/recipes/brewing/OilBrewBrewingRecipe.class
  com/vladplay/mfte/recipes/brewing/PotionBrew10BrewingRecipe.class
  com/vladplay/mfte/recipes/brewing/PotionBrew11BrewingRecipe.class
  com/vladplay/mfte/recipes/brewing/PotionBrew12BrewingRecipe.class
  com/vladplay/mfte/recipes/brewing/PotionBrew13BrewingRecipe.class
  com/vladplay/mfte/recipes/brewing/PotionBrew14BrewingRecipe.class
  com/vladplay/mfte/recipes/brewing/PotionBrew15BrewingRecipe.class
  com/vladplay/mfte/recipes/brewing/PotionBrew1BrewingRecipe.class
  com/vladplay/mfte/recipes/brewing/PotionBrew2BrewingRecipe.class
  com/vladplay/mfte/recipes/brewing/PotionBrew3BrewingRecipe.class
  com/vladplay/mfte/recipes/brewing/PotionBrew4BrewingRecipe.class
  com/vladplay/mfte/recipes/brewing/PotionBrew5BrewingRecipe.class
  com/vladplay/mfte/recipes/brewing/PotionBrew6BrewingRecipe.class
  com/vladplay/mfte/recipes/brewing/PotionBrew7BrewingRecipe.class
  com/vladplay/mfte/recipes/brewing/PotionBrew8BrewingRecipe.class
  com/vladplay/mfte/recipes/brewing/PotionBrew9BrewingRecipe.class
  com/vladplay/mfte/recipes/brewing/RiceBrewBrewingRecipe.class
  com/vladplay/mfte/recipes/brewing/SodaBrewBrewingRecipe.class
  com/vladplay/mfte/recipes/brewing/SoyBrewBrewingRecipe.class
  com/vladplay/mfte/recipes/brewing/TomatoBrewBrewingRecipe.class
  com/vladplay/mfte/recipes/brewing/VinegarBrewBrewingRecipe.class
  com/vladplay/mfte/world/
  com/vladplay/mfte/world/inventory/
  com/vladplay/mfte/world/inventory/FridgeGUIMenu$1.class
  com/vladplay/mfte/world/inventory/FridgeGUIMenu$10.class
  com/vladplay/mfte/world/inventory/FridgeGUIMenu$11.class
  com/vladplay/mfte/world/inventory/FridgeGUIMenu$12.class
  com/vladplay/mfte/world/inventory/FridgeGUIMenu$13.class
  com/vladplay/mfte/world/inventory/FridgeGUIMenu$14.class
  com/vladplay/mfte/world/inventory/FridgeGUIMenu$15.class
  com/vladplay/mfte/world/inventory/FridgeGUIMenu$16.class
  com/vladplay/mfte/world/inventory/FridgeGUIMenu$17.class
  com/vladplay/mfte/world/inventory/FridgeGUIMenu$18.class
  com/vladplay/mfte/world/inventory/FridgeGUIMenu$19.class
  com/vladplay/mfte/world/inventory/FridgeGUIMenu$2.class
  com/vladplay/mfte/world/inventory/FridgeGUIMenu$20.class
  com/vladplay/mfte/world/inventory/FridgeGUIMenu$21.class
  com/vladplay/mfte/world/inventory/FridgeGUIMenu$22.class
  com/vladplay/mfte/world/inventory/FridgeGUIMenu$23.class
  com/vladplay/mfte/world/inventory/FridgeGUIMenu$3.class
  com/vladplay/mfte/world/inventory/FridgeGUIMenu$4.class
  com/vladplay/mfte/world/inventory/FridgeGUIMenu$5.class
  com/vladplay/mfte/world/inventory/FridgeGUIMenu$6.class
  com/vladplay/mfte/world/inventory/FridgeGUIMenu$7.class
  com/vladplay/mfte/world/inventory/FridgeGUIMenu$8.class
  com/vladplay/mfte/world/inventory/FridgeGUIMenu$9.class
  com/vladplay/mfte/world/inventory/FridgeGUIMenu.class
  data/
  data/minecraft/
  data/minecraft/tags/
  data/minecraft/tags/blocks/
  data/minecraft/tags/blocks/mineable/
  data/minecraft/tags/blocks/mineable/pickaxe.json
  data/morefoodthanever/
  data/morefoodthanever/advancements/
  data/morefoodthanever/advancements/recipes/
  data/morefoodthanever/advancements/recipes/berry_1.json
  data/morefoodthanever/advancements/recipes/bone_1.json
  data/morefoodthanever/advancements/recipes/bred.json
  data/morefoodthanever/advancements/recipes/burg_1.json
  data/morefoodthanever/advancements/recipes/burg_2.json
  data/morefoodthanever/advancements/recipes/burg_3.json
  data/morefoodthanever/advancements/recipes/burg_4.json
  data/morefoodthanever/advancements/recipes/buttered.json
  data/morefoodthanever/advancements/recipes/cake_craft.json
  data/morefoodthanever/advancements/recipes/cake_craft_2.json
  data/morefoodthanever/advancements/recipes/carrot_1.json
  data/morefoodthanever/advancements/recipes/cheesy.json
  data/morefoodthanever/advancements/recipes/choco_dough_recipe.json
  data/morefoodthanever/advancements/recipes/choco_recipe.json
  data/morefoodthanever/advancements/recipes/cocoa_buttr.json
  data/morefoodthanever/advancements/recipes/cook_waffle.json
  data/morefoodthanever/advancements/recipes/cookie_recipe.json
  data/morefoodthanever/advancements/recipes/dough_recipe.json
  data/morefoodthanever/advancements/recipes/dough_recipe_2.json
  data/morefoodthanever/advancements/recipes/enchant.json
  data/morefoodthanever/advancements/recipes/enchant_2.json
  data/morefoodthanever/advancements/recipes/fish_1.json
  data/morefoodthanever/advancements/recipes/fish_2.json
  data/morefoodthanever/advancements/recipes/fish_3.json
  data/morefoodthanever/advancements/recipes/fish_4.json
  data/morefoodthanever/advancements/recipes/fish_5.json
  data/morefoodthanever/advancements/recipes/fish_6.json
  data/morefoodthanever/advancements/recipes/flour_recipe.json
  data/morefoodthanever/advancements/recipes/itsraw.json
  data/morefoodthanever/advancements/recipes/ketchup_recipe.json
  data/morefoodthanever/advancements/recipes/marsh_stick.json
  data/morefoodthanever/advancements/recipes/pancake_cook.json
  data/morefoodthanever/advancements/recipes/patty_cook_1.json
  data/morefoodthanever/advancements/recipes/patty_cook_2.json
  data/morefoodthanever/advancements/recipes/poison_furnaced.json
  data/morefoodthanever/advancements/recipes/potata.json
  data/morefoodthanever/advancements/recipes/puffer.json
  data/morefoodthanever/advancements/recipes/really_flour_recipe.json
  data/morefoodthanever/advancements/recipes/recipe_1.json
  data/morefoodthanever/advancements/recipes/recipe_2.json
  data/morefoodthanever/advancements/recipes/recipe_3.json
  data/morefoodthanever/advancements/recipes/recipe_4.json
  data/morefoodthanever/advancements/recipes/recipe_5.json
  data/morefoodthanever/advancements/recipes/recipe_6.json
  data/morefoodthanever/advancements/recipes/recipeee.json
  data/morefoodthanever/advancements/recipes/salt_recipe.json
  data/morefoodthanever/advancements/recipes/soy.json
  data/morefoodthanever/advancements/recipes/stewie.json
  data/morefoodthanever/advancements/recipes/to_layer.json
  data/morefoodthanever/advancements/recipes/tofu_cook.json
  data/morefoodthanever/advancements/recipes/tortilla_cook.json
  data/morefoodthanever/advancements/recipes/tropical_cook.json
  data/morefoodthanever/advancements/recipes/yeast_recipe.json
  data/morefoodthanever/forge/
  data/morefoodthanever/forge/biome_modifier/
  data/morefoodthanever/forge/biome_modifier/benzoin_sapling_biome_modifier.json
  data/morefoodthanever/forge/biome_modifier/cantaloupe_plant_biome_modifier.json
  data/morefoodthanever/forge/biome_modifier/deepslate_plastic_ore_biome_modifier.json
  data/morefoodthanever/forge/biome_modifier/grapefruit_sapling_biome_modifier.json
  data/morefoodthanever/forge/biome_modifier/honeydew_plant_biome_modifier.json
  data/morefoodthanever/forge/biome_modifier/lavender_sapling_biome_modifier.json
  data/morefoodthanever/forge/biome_modifier/lemon_sapling_biome_modifier.json
  data/morefoodthanever/forge/biome_modifier/lime_sapling_biome_modifier.json
  data/morefoodthanever/forge/biome_modifier/mint_sapling_biome_modifier.json
  data/morefoodthanever/forge/biome_modifier/oakmoss_sapling_biome_modifier.json
  data/morefoodthanever/forge/biome_modifier/orange_sapling_biome_modifier.json
  data/morefoodthanever/forge/biome_modifier/pine_oil_sapling_biome_modifier.json
  data/morefoodthanever/forge/biome_modifier/plastic_ore_biome_modifier.json
  data/morefoodthanever/forge/biome_modifier/rice_panicle_biome_modifier.json
  data/morefoodthanever/forge/biome_modifier/tonka_sapling_biome_modifier.json
  data/morefoodthanever/forge/biome_modifier/ylang_ylang_sapling_biome_modifier.json
  data/morefoodthanever/loot_tables/
  data/morefoodthanever/loot_tables/blocks/
  data/morefoodthanever/loot_tables/blocks/benzoin_sapling.json
  data/morefoodthanever/loot_tables/blocks/cantaloupe.json
  data/morefoodthanever/loot_tables/blocks/cantaloupe_plant.json
  data/morefoodthanever/loot_tables/blocks/deepslate_plastic_ore.json
  data/morefoodthanever/loot_tables/blocks/grapefruit_sapling.json
  data/morefoodthanever/loot_tables/blocks/honeydew.json
  data/morefoodthanever/loot_tables/blocks/honeydew_plant.json
  data/morefoodthanever/loot_tables/blocks/lavender_sapling.json
  data/morefoodthanever/loot_tables/blocks/lemon_sapling.json
  data/morefoodthanever/loot_tables/blocks/lime_sapling.json
  data/morefoodthanever/loot_tables/blocks/mint_sapling.json
  data/morefoodthanever/loot_tables/blocks/oakmoss_sapling.json
  data/morefoodthanever/loot_tables/blocks/orange_sapling.json
  data/morefoodthanever/loot_tables/blocks/pine_oil_sapling.json
  data/morefoodthanever/loot_tables/blocks/plastic_ore.json
  data/morefoodthanever/loot_tables/blocks/rice_panicle.json
  data/morefoodthanever/loot_tables/blocks/sour_berry_bush.json
  data/morefoodthanever/loot_tables/blocks/tonka_sapling.json
  data/morefoodthanever/loot_tables/blocks/wax_block.json
  data/morefoodthanever/loot_tables/blocks/ylang_ylang_sapling.json
  data/morefoodthanever/recipes/
  data/morefoodthanever/recipes/batter_b.json
  data/morefoodthanever/recipes/beeg_mac.json
  data/morefoodthanever/recipes/beeg_macz.json
  data/morefoodthanever/recipes/berry_1.json
  data/morefoodthanever/recipes/blue_plastic_rcpt.json
  data/morefoodthanever/recipes/bone_1.json
  data/morefoodthanever/recipes/bottom.json
  data/morefoodthanever/recipes/box.json
  data/morefoodthanever/recipes/box_recipe.json
  data/morefoodthanever/recipes/bred.json
  data/morefoodthanever/recipes/burg_1.json
  data/morefoodthanever/recipes/burg_2.json
  data/morefoodthanever/recipes/burg_3.json
  data/morefoodthanever/recipes/burg_4.json
  data/morefoodthanever/recipes/butter_recipe.json
  data/morefoodthanever/recipes/buttered.json
  data/morefoodthanever/recipes/cake_craft.json
  data/morefoodthanever/recipes/cake_craft_2.json
  data/morefoodthanever/recipes/cake_recipe.json
  data/morefoodthanever/recipes/candy_recipe_2.json
  data/morefoodthanever/recipes/candy_recipe_3.json
  data/morefoodthanever/recipes/candy_recipe_4.json
  data/morefoodthanever/recipes/cardbord.json
  data/morefoodthanever/recipes/carrot_1.json
  data/morefoodthanever/recipes/cheeese.json
  data/morefoodthanever/recipes/cheesy.json
  data/morefoodthanever/recipes/choco_dough_recipe.json
  data/morefoodthanever/recipes/choco_recipe.json
  data/morefoodthanever/recipes/chocotastic.json
  data/morefoodthanever/recipes/chum.json
  data/morefoodthanever/recipes/chum_2.json
  data/morefoodthanever/recipes/chum_3.json
  data/morefoodthanever/recipes/chum_4.json
  data/morefoodthanever/recipes/cocoa_buttr.json
  data/morefoodthanever/recipes/condiments.json
  data/morefoodthanever/recipes/cone.json
  data/morefoodthanever/recipes/cook_waffle.json
  data/morefoodthanever/recipes/cookie_recipe.json
  data/morefoodthanever/recipes/cookiedoughrecipe.json
  data/morefoodthanever/recipes/craft_mold.json
  data/morefoodthanever/recipes/cream_recipe.json
  data/morefoodthanever/recipes/crust.json
  data/morefoodthanever/recipes/cupcake_recept.json
  data/morefoodthanever/recipes/cupcake_recipe.json
  data/morefoodthanever/recipes/donteatraw.json
  data/morefoodthanever/recipes/dough_recipe.json
  data/morefoodthanever/recipes/dough_recipe_2.json
  data/morefoodthanever/recipes/eatcooked.json
  data/morefoodthanever/recipes/enchant.json
  data/morefoodthanever/recipes/enchant_2.json
  data/morefoodthanever/recipes/extract_cone.json
  data/morefoodthanever/recipes/fish_1.json
  data/morefoodthanever/recipes/fish_2.json
  data/morefoodthanever/recipes/fish_3.json
  data/morefoodthanever/recipes/fish_4.json
  data/morefoodthanever/recipes/fish_5.json
  data/morefoodthanever/recipes/fish_6.json
  data/morefoodthanever/recipes/flour_recipe.json
  data/morefoodthanever/recipes/french_fri.json
  data/morefoodthanever/recipes/french_fri_2.json
  data/morefoodthanever/recipes/froze_patty.json
  data/morefoodthanever/recipes/garlik.json
  data/morefoodthanever/recipes/gelatinous.json
  data/morefoodthanever/recipes/gelatinous_2.json
  data/morefoodthanever/recipes/get_beenz.json
  data/morefoodthanever/recipes/get_seeds.json
  data/morefoodthanever/recipes/giant_recipe.json
  data/morefoodthanever/recipes/glass_cupert.json
  data/morefoodthanever/recipes/glowy_dye_1.json
  data/morefoodthanever/recipes/grimace_recipe.json
  data/morefoodthanever/recipes/halfing.json
  data/morefoodthanever/recipes/halfing_2.json
  data/morefoodthanever/recipes/halfing_3.json
  data/morefoodthanever/recipes/halfing_4.json
  data/morefoodthanever/recipes/halfing_5.json
  data/morefoodthanever/recipes/icecream.json
  data/morefoodthanever/recipes/icup.json
  data/morefoodthanever/recipes/idkwhat_2nametherecipes_1.json
  data/morefoodthanever/recipes/idkwhat_2nametherecipes_10.json
  data/morefoodthanever/recipes/idkwhat_2nametherecipes_11.json
  data/morefoodthanever/recipes/idkwhat_2nametherecipes_12.json
  data/morefoodthanever/recipes/idkwhat_2nametherecipes_13.json
  data/morefoodthanever/recipes/idkwhat_2nametherecipes_14.json
  data/morefoodthanever/recipes/idkwhat_2nametherecipes_15.json
  data/morefoodthanever/recipes/idkwhat_2nametherecipes_16.json
  data/morefoodthanever/recipes/idkwhat_2nametherecipes_17.json
  data/morefoodthanever/recipes/idkwhat_2nametherecipes_18.json
  data/morefoodthanever/recipes/idkwhat_2nametherecipes_19.json
  data/morefoodthanever/recipes/idkwhat_2nametherecipes_2.json
  data/morefoodthanever/recipes/idkwhat_2nametherecipes_20.json
  data/morefoodthanever/recipes/idkwhat_2nametherecipes_21.json
  data/morefoodthanever/recipes/idkwhat_2nametherecipes_22.json
  data/morefoodthanever/recipes/idkwhat_2nametherecipes_23.json
  data/morefoodthanever/recipes/idkwhat_2nametherecipes_24.json
  data/morefoodthanever/recipes/idkwhat_2nametherecipes_25.json
  data/morefoodthanever/recipes/idkwhat_2nametherecipes_26.json
  data/morefoodthanever/recipes/idkwhat_2nametherecipes_27.json
  data/morefoodthanever/recipes/idkwhat_2nametherecipes_28.json
  data/morefoodthanever/recipes/idkwhat_2nametherecipes_29.json
  data/morefoodthanever/recipes/idkwhat_2nametherecipes_3.json
  data/morefoodthanever/recipes/idkwhat_2nametherecipes_30.json
  data/morefoodthanever/recipes/idkwhat_2nametherecipes_31.json
  data/morefoodthanever/recipes/idkwhat_2nametherecipes_4.json
  data/morefoodthanever/recipes/idkwhat_2nametherecipes_5.json
  data/morefoodthanever/recipes/idkwhat_2nametherecipes_6.json
  data/morefoodthanever/recipes/idkwhat_2nametherecipes_7.json
  data/morefoodthanever/recipes/idkwhat_2nametherecipes_8.json
  data/morefoodthanever/recipes/idkwhat_2nametherecipes_9.json
  data/morefoodthanever/recipes/imisshimverymuch.json
  data/morefoodthanever/recipes/imissmycatcod.json
  data/morefoodthanever/recipes/itsraw.json
  data/morefoodthanever/recipes/jar_rcpt.json
  data/morefoodthanever/recipes/jar_rcpt_2.json
  data/morefoodthanever/recipes/jelly_recept.json
  data/morefoodthanever/recipes/ketchup_recipe.json
  data/morefoodthanever/recipes/kk_pizza.json
  data/morefoodthanever/recipes/krabby.json
  data/morefoodthanever/recipes/label.json
  data/morefoodthanever/recipes/lipkij_ris.json
  data/morefoodthanever/recipes/makeable.json
  data/morefoodthanever/recipes/marsh_recipe.json
  data/morefoodthanever/recipes/marsh_stick.json
  data/morefoodthanever/recipes/mayo_recipe.json
  data/morefoodthanever/recipes/miceyahia.json
  data/morefoodthanever/recipes/moti.json
  data/morefoodthanever/recipes/mug_rcpt.json
  data/morefoodthanever/recipes/mustaaaaaaard.json
  data/morefoodthanever/recipes/nachoz.json
  data/morefoodthanever/recipes/nare.json
  data/morefoodthanever/recipes/nether_flame.json
  data/morefoodthanever/recipes/nuggies.json
  data/morefoodthanever/recipes/omen.json
  data/morefoodthanever/recipes/omgsoulfromutdr.json
  data/morefoodthanever/recipes/onionz.json
  data/morefoodthanever/recipes/ooze.json
  data/morefoodthanever/recipes/pan.json
  data/morefoodthanever/recipes/pancake_cook.json
  data/morefoodthanever/recipes/patata.json
  data/morefoodthanever/recipes/patty_cook_1.json
  data/morefoodthanever/recipes/patty_cook_2.json
  data/morefoodthanever/recipes/patty_craft.json
  data/morefoodthanever/recipes/pepprz.json
  data/morefoodthanever/recipes/plastic_black.json
  data/morefoodthanever/recipes/plastic_black_2.json
  data/morefoodthanever/recipes/plastic_yellow.json
  data/morefoodthanever/recipes/po_pota_stew.json
  data/morefoodthanever/recipes/poison_furnaced.json
  data/morefoodthanever/recipes/pota_stew.json
  data/morefoodthanever/recipes/potata.json
  data/morefoodthanever/recipes/potato_uncraft.json
  data/morefoodthanever/recipes/puffer.json
  data/morefoodthanever/recipes/really_flour_recipe.json
  data/morefoodthanever/recipes/recipe_1.json
  data/morefoodthanever/recipes/recipe_2.json
  data/morefoodthanever/recipes/recipe_3.json
  data/morefoodthanever/recipes/recipe_4.json
  data/morefoodthanever/recipes/recipe_5.json
  data/morefoodthanever/recipes/recipe_6.json
  data/morefoodthanever/recipes/recipeee.json
  data/morefoodthanever/recipes/recolored.json
  data/morefoodthanever/recipes/red_plastic_rcpt.json
  data/morefoodthanever/recipes/salmonella.json
  data/morefoodthanever/recipes/salmonella_2.json
  data/morefoodthanever/recipes/salt_recipe.json
  data/morefoodthanever/recipes/saltn_pepper.json
  data/morefoodthanever/recipes/sauce_recept.json
  data/morefoodthanever/recipes/slices.json
  data/morefoodthanever/recipes/slices_1.json
  data/morefoodthanever/recipes/slices_2.json
  data/morefoodthanever/recipes/slices_3.json
  data/morefoodthanever/recipes/slices_4.json
  data/morefoodthanever/recipes/smo_recipe.json
  data/morefoodthanever/recipes/sooshee_1.json
  data/morefoodthanever/recipes/sooshee_10.json
  data/morefoodthanever/recipes/sooshee_11.json
  data/morefoodthanever/recipes/sooshee_12.json
  data/morefoodthanever/recipes/sooshee_13.json
  data/morefoodthanever/recipes/sooshee_14.json
  data/morefoodthanever/recipes/sooshee_15.json
  data/morefoodthanever/recipes/sooshee_16.json
  data/morefoodthanever/recipes/sooshee_17.json
  data/morefoodthanever/recipes/sooshee_18.json
  data/morefoodthanever/recipes/sooshee_2.json
  data/morefoodthanever/recipes/sooshee_3.json
  data/morefoodthanever/recipes/sooshee_4.json
  data/morefoodthanever/recipes/sooshee_5.json
  data/morefoodthanever/recipes/sooshee_6.json
  data/morefoodthanever/recipes/sooshee_7.json
  data/morefoodthanever/recipes/sooshee_8.json
  data/morefoodthanever/recipes/sooshee_9.json
  data/morefoodthanever/recipes/sour.json
  data/morefoodthanever/recipes/soy.json
  data/morefoodthanever/recipes/starch.json
  data/morefoodthanever/recipes/steveslavachicken.json
  data/morefoodthanever/recipes/stewie.json
  data/morefoodthanever/recipes/strow.json
  data/morefoodthanever/recipes/sugar_salt.json
  data/morefoodthanever/recipes/sushi_1.json
  data/morefoodthanever/recipes/sweet.json
  data/morefoodthanever/recipes/tater_tot.json
  data/morefoodthanever/recipes/tea.json
  data/morefoodthanever/recipes/tnttt.json
  data/morefoodthanever/recipes/to_layer.json
  data/morefoodthanever/recipes/to_pepper.json
  data/morefoodthanever/recipes/tofu_cook.json
  data/morefoodthanever/recipes/toofu.json
  data/morefoodthanever/recipes/top_sesame.json
  data/morefoodthanever/recipes/tortilla_cook.json
  data/morefoodthanever/recipes/tortilling.json
  data/morefoodthanever/recipes/tortilling_2.json
  data/morefoodthanever/recipes/tortillium.json
  data/morefoodthanever/recipes/tropical_cook.json
  data/morefoodthanever/recipes/urfat.json
  data/morefoodthanever/recipes/vegan_meat.json
  data/morefoodthanever/recipes/waf.json
  data/morefoodthanever/recipes/what.json
  data/morefoodthanever/recipes/wrapper.json
  data/morefoodthanever/recipes/yahiamice.json
  data/morefoodthanever/recipes/yeast_recipe.json
  data/morefoodthanever/recipes/zaunch.json
  data/morefoodthanever/worldgen/
  data/morefoodthanever/worldgen/configured_feature/
  data/morefoodthanever/worldgen/configured_feature/benzoin_sapling.json
  data/morefoodthanever/worldgen/configured_feature/cantaloupe_plant.json
  data/morefoodthanever/worldgen/configured_feature/deepslate_plastic_ore.json
  data/morefoodthanever/worldgen/configured_feature/grapefruit_sapling.json
  data/morefoodthanever/worldgen/configured_feature/honeydew_plant.json
  data/morefoodthanever/worldgen/configured_feature/lavender_sapling.json
  data/morefoodthanever/worldgen/configured_feature/lemon_sapling.json
  data/morefoodthanever/worldgen/configured_feature/lime_sapling.json
  data/morefoodthanever/worldgen/configured_feature/mint_sapling.json
  data/morefoodthanever/worldgen/configured_feature/oakmoss_sapling.json
  data/morefoodthanever/worldgen/configured_feature/orange_sapling.json
  data/morefoodthanever/worldgen/configured_feature/pine_oil_sapling.json
  data/morefoodthanever/worldgen/configured_feature/plastic_ore.json
  data/morefoodthanever/worldgen/configured_feature/rice_panicle.json
  data/morefoodthanever/worldgen/configured_feature/tonka_sapling.json
  data/morefoodthanever/worldgen/configured_feature/ylang_ylang_sapling.json
  data/morefoodthanever/worldgen/placed_feature/
  data/morefoodthanever/worldgen/placed_feature/benzoin_sapling.json
  data/morefoodthanever/worldgen/placed_feature/cantaloupe_plant.json
  data/morefoodthanever/worldgen/placed_feature/deepslate_plastic_ore.json
  data/morefoodthanever/worldgen/placed_feature/grapefruit_sapling.json
  data/morefoodthanever/worldgen/placed_feature/honeydew_plant.json
  data/morefoodthanever/worldgen/placed_feature/lavender_sapling.json
  data/morefoodthanever/worldgen/placed_feature/lemon_sapling.json
  data/morefoodthanever/worldgen/placed_feature/lime_sapling.json
  data/morefoodthanever/worldgen/placed_feature/mint_sapling.json
  data/morefoodthanever/worldgen/placed_feature/oakmoss_sapling.json
  data/morefoodthanever/worldgen/placed_feature/orange_sapling.json
  data/morefoodthanever/worldgen/placed_feature/pine_oil_sapling.json
  data/morefoodthanever/worldgen/placed_feature/plastic_ore.json
  data/morefoodthanever/worldgen/placed_feature/rice_panicle.json
  data/morefoodthanever/worldgen/placed_feature/tonka_sapling.json
  data/morefoodthanever/worldgen/placed_feature/ylang_ylang_sapling.json
  logo.png
  pack.mcmeta
